Workbook

Sheet Munition
A1: Folder | B1: Munition | C1: Type de munition | D1: Calibre | E1: type | F1: Masse (g) | G1: Diamètre (mm) | H1: Coeff, de traînée (Cd​) | I1: Rho (kg/m³) | J1: indice perforation | K1: Longueur Canon standard (pouces) | L1: vitesse (m/s) | M1: poids munition | N1: Surface (m2) | O1: Indice de freinage (1/m) | P1: Densité Sect. (kg/m²)
A2: Munition\5,45x39\BO | B2: 5,45 M74 | C2: bullet | D2: 5,45x39 | E2: BO | F2: 3.43 | G2: 5.45 | H2: 0.25 | I2: 1.225 | J2: 1 | K2: 16 | L2: 900 | M2: 10.5 | N2: =PI()*G2^2/4000000 -> 2.3328289e-05 | O2: =0.5 * N2 * H2 * I2 -> 3.5721442e-06 | P2: =(F2/1000) / ((PI() * (G2/1000)^2) / 4) -> 147.03179
A3: Munition\5,45x39\AP | B3: 5,45 7N22 | C3: bullet | D3: 5,45x39 | E3: AP | F3: 4.1 | G3: 5.45 | H3: 0.25 | I3: 1.225 | J3: 1.5 | K3: 16 | L3: 880 | M3: 11.2 | N3: =PI()*G3^2/4000000 -> 2.3328289e-05 | O3: =0.5 * N3 * H3 * I3 -> 3.5721442e-06 | P3: =(F3/1000) / ((PI() * (G3/1000)^2) / 4) -> 175.75228
A4: Munition\5,56x45\BO | B4: 5,56 M193 | C4: bullet | D4: 5,56x45 | E4: BO | F4: 3.56 | G4: 5.56 | H4: 0.25 | I4: 1.225 | J4: 1 | K4: 20 | L4: 878 | M4: 11.2 | N4: =PI()*G4^2/4000000 -> 2.4279485e-05 | O4: =0.5 * N4 * H4 * I4 -> 3.7177961e-06 | P4: =(F4/1000) / ((PI() * (G4/1000)^2) / 4) -> 146.62585
A5: Munition\5,56x45\BO | B5: 5,56 M855 | C5: bullet | D5: 5,56x45 | E5: BO | F5: 4 | G5: 5.56 | H5: 0.25 | I5: 1.225 | J5: 1 | K5: 20 | L5: 922 | M5: 12 | N5: =PI()*G5^2/4000000 -> 2.4279485e-05 | O5: =0.5 * N5 * H5 * I5 -> 3.7177961e-06 | P5: =(F5/1000) / ((PI() * (G5/1000)^2) / 4) -> 164.74814
A6: Munition\5,56x45\AP | B6: 5,56 M995 AP45 | C6: bullet | D6: 5,56x45 | E6: AP | F6: 4.5 | G6: 5.56 | H6: 0.25 | I6: 1.225 | J6: 1.5 | K6: 20 | L6: 1050 | M6: 13 | N6: =PI()*G6^2/4000000 -> 2.4279485e-05 | O6: =0.5 * N6 * H6 * I6 -> 3.7177961e-06 | P6: =(F6/1000) / ((PI() * (G6/1000)^2) / 4) -> 185.34166
A7: Munition\5,56x45\Sniper | B7: 5,56 M855A1 EPR | C7: bullet | D7: 5,56x45 | E7: Sniper | F7: 4 | G7: 5.56 | H7: 0.25 | I7: 1.225 | J7: 1 | K7: 20 | L7: 960 | M7: 12 | N7: =PI()*G7^2/4000000 -> 2.4279485e-05 | O7: =0.5 * N7 * H7 * I7 -> 3.7177961e-06 | P7: =(F7/1000) / ((PI() * (G7/1000)^2) / 4) -> 164.74814
A8: Munition\5,56x45\BO | B8: 5,56 Mk262 | C8: bullet | D8: 5,56x45 | E8: BO | F8: 5 | G8: 5.56 | H8: 0.25 | I8: 1.225 | J8: 1 | K8: 20 | L8: 892 | M8: 13 | N8: =PI()*G8^2/4000000 -> 2.4279485e-05 | O8: =0.5 * N8 * H8 * I8 -> 3.7177961e-06 | P8: =(F8/1000) / ((PI() * (G8/1000)^2) / 4) -> 205.93518
A9: Munition\5,56x15\BO | B9: .22 LR | C9: bullet | D9: 5,56x15 | E9: BO | F9: 2.59 | G9: 5.56 | H9: 0.35 | I9: 1.225 | J9: 1 | K9: 16 | L9: 345 | M9: 7 | N9: =PI()*G9^2/4000000 -> 2.4279485e-05 | O9: =0.5 * N9 * H9 * I9 -> 5.2049145e-06 | P9: =(F9/1000) / ((PI() * (G9/1000)^2) / 4) -> 106.67442
A10: Munition\5,56x15\Expansion | B10: .22 LR Creuse | C10: bullet | D10: 5,56x15 | E10: Expansion | F10: 2.07 | G10: 5.56 | H10: 0.35 | I10: 1.225 | J10: 1 | K10: 16 | L10: 330 | M10: 6.5 | N10: =PI()*G10^2/4000000 -> 2.4279485e-05 | O10: =0.5 * N10 * H10 * I10 -> 5.2049145e-06 | P10: =(F10/1000) / ((PI() * (G10/1000)^2) / 4) -> 85.257164
A11: Munition\5,56x15\Sniper | B11: .22 LR High Velocity | C11: bullet | D11: 5,56x15 | E11: Sniper | F11: 2.46 | G11: 5.56 | H11: 0.35 | I11: 1.225 | J11: 1 | K11: 16 | L11: 405 | M11: 7 | N11: =PI()*G11^2/4000000 -> 2.4279485e-05 | O11: =0.5 * N11 * H11 * I11 -> 5.2049145e-06 | P11: =(F11/1000) / ((PI() * (G11/1000)^2) / 4) -> 101.32011
A12: Munition\5,56x15\Sniper | B12: .22 LR Stinger | C12: bullet | D12: 5,56x15 | E12: Sniper | F12: 2.07 | G12: 5.56 | H12: 0.35 | I12: 1.225 | J12: 1 | K12: 16 | L12: 500 | M12: 6.5 | N12: =PI()*G12^2/4000000 -> 2.4279485e-05 | O12: =0.5 * N12 * H12 * I12 -> 5.2049145e-06 | P12: =(F12/1000) / ((PI() * (G12/1000)^2) / 4) -> 85.257164
A13: Munition\5,56x15\Expansion | B13: .22 Magnum | C13: bullet | D13: 5,56x15 | E13: Expansion | F13: 2.58 | G13: 5.56 | H13: 0.35 | I13: 1.225 | J13: 1 | K13: 16 | L13: 360 | M13: 7 | N13: =PI()*G13^2/4000000 -> 2.4279485e-05 | O13: =0.5 * N13 * H13 * I13 -> 5.2049145e-06 | P13: =(F13/1000) / ((PI() * (G13/1000)^2) / 4) -> 106.26255
... A54: Munition\9x29 | B54: .38 Spe Blindé | C54: bullet | D54: 9x29 | E54: AP | F54: 10.2 | G54: 9 | H54: 0.45 | I54: 1.225 | J54: 1.5 | K54: 4 | L54: 230 | M54: 20 | N54: =PI()*G54^2/4000000 -> 6.3617251e-05 | O54: =0.5 * N54 * H54 * I54 -> 1.7534505e-05 | P54: =(F54/1000) / ((PI() * (G54/1000)^2) / 4) -> 160.33387
A55: Munition\9x29 | B55: .38 Spe Tête creuse | C55: bullet | D55: 9x29 | E55: Expansion | F55: 7.1 | G55: 9 | H55: 0.45 | I55: 1.225 | J55: 1 | K55: 4 | L55: 390 | N55: =PI()*G55^2/4000000 -> 6.3617251e-05 | O55: =0.5 * N55 * H55 * I55 -> 1.7534505e-05 | P55: =(F55/1000) / ((PI() * (G55/1000)^2) / 4) -> 111.60495
A56: Munition\9x29 | B56: .38 Spe SJHP | C56: bullet | D56: 9x29 | F56: 8.06 | G56: 9 | H56: 0.45 | I56: 1.225 | J56: 1 | K56: 4 | L56: 308 | N56: =PI()*G56^2/4000000 -> 6.3617251e-05 | O56: =0.5 * N56 * H56 * I56 -> 1.7534505e-05 | P56: =(F56/1000) / ((PI() * (G56/1000)^2) / 4) -> 126.69519
A57: Munition\9x29 | B57: .38 Spe JHP | C57: bullet | D57: 9x29 | F57: 10.19 | G57: 9 | H57: 0.45 | I57: 1.225 | J57: 1 | K57: 4 | L57: 370 | N57: =PI()*G57^2/4000000 -> 6.3617251e-05 | O57: =0.5 * N57 * H57 * I57 -> 1.7534505e-05 | P57: =(F57/1000) / ((PI() * (G57/1000)^2) / 4) -> 160.17668
A58: Munition\9X29\JHP+P | B58: .38 Spe Grizzly | C58: bullet | D58: 9x29 | E58: JHP+P | F58: 10.24 | G58: 9 | H58: 0.45 | I58: 1.225 | J58: 1 | K58: 4 | L58: 297 | M58: 15.8 | N58: =PI()*G58^2/4000000 -> 6.3617251e-05 | O58: =0.5 * N58 * H58 * I58 -> 1.7534505e-05 | P58: =(F58/1000) / ((PI() * (G58/1000)^2) / 4) -> 160.96263
A59: Munition\9x29 | B59: .38 Spe +P+ | C59: bullet | D59: 9x29 | F59: 7.1 | G59: 9 | H59: 0.45 | I59: 1.225 | J59: 1 | K59: 4 | L59: 340 | M59: 11 | N59: =PI()*G59^2/4000000 -> 6.3617251e-05 | O59: =0.5 * N59 * H59 * I59 -> 1.7534505e-05 | P59: =(F59/1000) / ((PI() * (G59/1000)^2) / 4) -> 111.60495
A60: Munition\9x29 | B60: .38 Spe Super Police | C60: bullet | D60: 9x29 | F60: 13 | G60: 9 | H60: 0.45 | I60: 1.225 | J60: 1 | K60: 4 | L60: 205 | M60: 20 | N60: =PI()*G60^2/4000000 -> 6.3617251e-05 | O60: =0.5 * N60 * H60 * I60 -> 1.7534505e-05 | P60: =(F60/1000) / ((PI() * (G60/1000)^2) / 4) -> 204.34709
A61: Munition\9x29 | B61: .38 Cor-Bon FMJ | C61: bullet | D61: 9x29 | F61: 9.53 | G61: 9 | H61: 0.45 | I61: 1.225 | J61: 1 | K61: 4 | L61: 270 | M61: 14.7 | N61: =PI()*G61^2/4000000 -> 6.3617251e-05 | O61: =0.5 * N61 * H61 * I61 -> 1.7534505e-05 | P61: =(F61/1000) / ((PI() * (G61/1000)^2) / 4) -> 149.80213
A62: Munition\9x33\BO | B62: .357 Magnum | C62: bullet | D62: 9x33 | E62: BO | F62: 10.2 | G62: 9 | H62: 0.45 | I62: 1.225 | J62: 1 | K62: 6 | L62: 395 | M62: 17 | N62: =PI()*G62^2/4000000 -> 6.3617251e-05 | O62: =0.5 * N62 * H62 * I62 -> 1.7534505e-05 | P62: =(F62/1000) / ((PI() * (G62/1000)^2) / 4) -> 160.33387
A63: Munition\9x33\AP | B63: .357 Mag SB | C63: bullet | D63: 9x33 | E63: AP | F63: 8.1 | G63: 9 | H63: 0.45 | I63: 1.225 | J63: 1.5 | K63: 6 | L63: 395 | M63: 13.5 | N63: =PI()*G63^2/4000000 -> 6.3617251e-05 | O63: =0.5 * N63 * H63 * I63 -> 1.7534505e-05 | P63: =(F63/1000) / ((PI() * (G63/1000)^2) / 4) -> 127.32395
A64: Munition\9x33 | B64: .357 Mag Blindé | C64: bullet | D64: 9x33 | E64: AP | F64: 10.2 | G64: 9 | H64: 0.45 | I64: 1.225 | J64: 1.5 | K64: 6 | L64: 344 | N64: =PI()*G64^2/4000000 -> 6.3617251e-05 | O64: =0.5 * N64 * H64 * I64 -> 1.7534505e-05 | P64: =(F64/1000) / ((PI() * (G64/1000)^2) / 4) -> 160.33387
A65: Munition\9x33 | B65: .357 Mag TT creuse | C65: bullet | D65: 9x33 | E65: Expansion | F65: 7.1 | G65: 9 | H65: 0.45 | I65: 1.225 | J65: 1 | K65: 6 | L65: 368 | N65: =PI()*G65^2/4000000 -> 6.3617251e-05 | O65: =0.5 * N65 * H65 * I65 -> 1.7534505e-05 | P65: =(F65/1000) / ((PI() * (G65/1000)^2) / 4) -> 111.60495
A66: Munition\9x33 | B66: .357 Mag JHP 1 | C66: bullet | D66: 9x33 | F66: 8.06 | G66: 9 | H66: 0.45 | I66: 1.225 | J66: 1 | K66: 6 | L66: 435 | N66: =PI()*G66^2/4000000 -> 6.3617251e-05 | O66: =0.5 * N66 * H66 * I66 -> 1.7534505e-05 | P66: =(F66/1000) / ((PI() * (G66/1000)^2) / 4) -> 126.69519
A67: Munition\9x33 | B67: .357 Mag JHP 2 | C67: bullet | D67: 9x33 | F67: 7.1 | G67: 9 | H67: 0.45 | I67: 1.225 | J67: 1 | K67: 6 | L67: 465 | N67: =PI()*G67^2/4000000 -> 6.3617251e-05 | O67: =0.5 * N67 * H67 * I67 -> 1.7534505e-05 | P67: =(F67/1000) / ((PI() * (G67/1000)^2) / 4) -> 111.60495
A68: Munition\11,43x23\BO | B68: .44-40 | C68: bullet | D68: 11,43x23 | E68: BO | F68: 13 | G68: 11.43 | H68: 0.45 | I68: 1.225 | J68: 1 | K68: 5 | L68: 460 | M68: 23 | N68: =PI()*G68^2/4000000 -> 0.00010260826 | O68: =0.5 * N68 * H68 * I68 -> 2.8281403e-05 | P68: =(F68/1000) / ((PI() * (G68/1000)^2) / 4) -> 126.69545
A69: Munition\11,43x23\BO | B69: .44 Magnum | C69: bullet | D69: 11,43x23 | E69: BO | F69: 19 | G69: 11.43 | H69: 0.45 | I69: 1.225 | J69: 1 | K69: 5 | L69: 450 | M69: 31 | N69: =PI()*G69^2/4000000 -> 0.00010260826 | O69: =0.5 * N69 * H69 * I69 -> 2.8281403e-05 | P69: =(F69/1000) / ((PI() * (G69/1000)^2) / 4) -> 185.17027
A70: Munition\10,74x33\BO | B70: .44 AMP | C70: bullet | D70: 10,74x33 | E70: BO | F70: 19 | G70: 10.74 | H70: 0.4 | I70: 1.225 | J70: 1 | K70: 6 | L70: 500 | M70: 32 | N70: =PI()*G70^2/4000000 -> 9.0593793e-05 | O70: =0.5 * N70 * H70 * I70 -> 2.2195479e-05 | P70: =(F70/1000) / ((PI() * (G70/1000)^2) / 4) -> 209.72739
A71: Munition\10x22\BO | B71: .40 S&W | C71: bullet | D71: 10x22 | E71: BO | F71: 11.7 | G71: 10 | H71: 0.4 | I71: 1.225 | J71: 1 | K71: 4.2 | L71: 340 | M71: 21 | N71: =PI()*G71^2/4000000 -> 7.8539816e-05 | O71: =0.5 * N71 * H71 * I71 -> 1.9242255e-05 | P71: =(F71/1000) / ((PI() * (G71/1000)^2) / 4) -> 148.96903
A72: Munition\11,43x23\BO | B72: .45 ACP | C72: bullet | D72: 11,43x23 | E72: BO | F72: 14.84 | G72: 11.43 | H72: 0.45 | I72: 1.225 | J72: 1 | K72: 5 | L72: 285 | M72: 28 | N72: =PI()*G72^2/4000000 -> 0.00010260826 | O72: =0.5 * N72 * H72 * I72 -> 2.8281403e-05 | P72: =(F72/1000) / ((PI() * (G72/1000)^2) / 4) -> 144.62773
A73: Munition\11,43x23\AP | B73: .45 ACP Blindé | C73: bullet | D73: 11,43x23 | E73: AP | F73: 14.5 | G73: 11.43 | H73: 0.45 | I73: 1.225 | J73: 1.5 | K73: 5 | L73: 245 | N73: =PI()*G73^2/4000000 -> 0.00010260826 | O73: =0.5 * N73 * H73 * I73 -> 2.8281403e-05 | P73: =(F73/1000) / ((PI() * (G73/1000)^2) / 4) -> 141.31415
A74: Munition\11,43x23\Expansion | B74: .45 ACP TT creuse | C74: bullet | D74: 11,43x23 | E74: Expansion | F74: 12 | G74: 11.43 | H74: 0.45 | I74: 1.225 | J74: 1 | K74: 5 | L74: 266 | N74: =PI()*G74^2/4000000 -> 0.00010260826 | O74: =0.5 * N74 * H74 * I74 -> 2.8281403e-05 | P74: =(F74/1000) / ((PI() * (G74/1000)^2) / 4) -> 116.94964
A75: Munition\9x39\AP | B75: 9 SP 6 | C75: bullet | D75: 9x39 | E75: AP | F75: 16 | G75: 9.3 | H75: 0.35 | I75: 1.225 | J75: 1.5 | K75: 12 | L75: 310 | M75: 23 | N75: =PI()*G75^2/4000000 -> 6.7929087e-05 | O75: =0.5 * N75 * H75 * I75 -> 1.4562298e-05 | P75: =(F75/1000) / ((PI() * (G75/1000)^2) / 4) -> 235.53975
A76: Munition\9x39\BO | B76: 9 SP 5 | C76: bullet | D76: 9x39 | E76: BO | F76: 16.8 | G76: 9.3 | H76: 0.35 | I76: 1.225 | J76: 1 | K76: 12 | L76: 280 | M76: 23 | N76: =PI()*G76^2/4000000 -> 6.7929087e-05 | O76: =0.5 * N76 * H76 * I76 -> 1.4562298e-05 | P76: =(F76/1000) / ((PI() * (G76/1000)^2) / 4) -> 247.31673
A77: Munition\9x39\AP | B77: 9 BP | C77: bullet | D77: 9x39 | E77: AP | F77: 17.3 | G77: 9.3 | H77: 0.35 | I77: 1.225 | J77: 1.5 | K77: 12 | L77: 327 | M77: 23 | N77: =PI()*G77^2/4000000 -> 6.7929087e-05 | O77: =0.5 * N77 * H77 * I77 -> 1.4562298e-05 | P77: =(F77/1000) / ((PI() * (G77/1000)^2) / 4) -> 254.67735
A78: Munition\7.62x41\Subsonique | B78: 7,62 SP 4 | C78: bullet | D78: 7,62x41 | E78: Subsonique | F78: 9.3 | G78: 7.62 | H78: 0.28 | I78: 1.225 | J78: 1 | K78: 16 | L78: 265 | M78: 14 | N78: =PI()*G78^2/4000000 -> 4.5603673e-05 | O78: =0.5 * N78 * H78 * I78 -> 7.8210299e-06 | P78: =(F78/1000) / ((PI() * (G78/1000)^2) / 4) -> 203.93094
A79: Munition\9x19\AP | B79: 9 PBP | C79: bullet | D79: 9x19 | E79: AP | F79: 4.1 | G79: 9 | H79: 0.4 | I79: 1.225 | J79: 1.5 | K79: 4.5 | L79: 600 | M79: 8.2 | N79: =PI()*G79^2/4000000 -> 6.3617251e-05 | O79: =0.5 * N79 * H79 * I79 -> 1.5586227e-05 | P79: =(F79/1000) / ((PI() * (G79/1000)^2) / 4) -> 64.447928
A80: Munition\9x19\AP | B80: 7N21 | C80: bullet | D80: 9x19 | E80: AP | F80: 5.3 | G80: 9 | H80: 0.4 | I80: 1.225 | J80: 1.5 | K80: 4.5 | L80: 460 | N80: =PI()*G80^2/4000000 -> 6.3617251e-05 | O80: =0.5 * N80 * H80 * I80 -> 1.5586227e-05 | P80: =(F80/1000) / ((PI() * (G80/1000)^2) / 4) -> 83.310736
A81: Munition\9x19\AP | B81: 7N31 | C81: bullet | D81: 9x19 | E81: AP | F81: 4.2 | G81: 9 | H81: 0.4 | I81: 1.225 | J81: 1.5 | K81: 4.5 | L81: 600 | N81: =PI()*G81^2/4000000 -> 6.3617251e-05 | O81: =0.5 * N81 * H81 * I81 -> 1.5586227e-05 | P81: =(F81/1000) / ((PI() * (G81/1000)^2) / 4) -> 66.019828
A82: Munition\9x21\BO | B82: 7N28 / SP-11 | C82: bullet | D82: 9x21 | E82: BO | F82: 7.9 | G82: 9 | H82: 0.4 | I82: 1.225 | J82: 1 | K82: 4.7 | L82: 390 | N82: =PI()*G82^2/4000000 -> 6.3617251e-05 | O82: =0.5 * N82 * H82 * I82 -> 1.5586227e-05 | P82: =(F82/1000) / ((PI() * (G82/1000)^2) / 4) -> 124.18015
A83: Munition\9x21\AP | B83: 7N29 / SP-10 | C83: bullet | D83: 9x21 | E83: AP | F83: 6.7 | G83: 9 | H83: 0.4 | I83: 1.225 | J83: 1.5 | K83: 4.7 | L83: 430 | N83: =PI()*G83^2/4000000 -> 6.3617251e-05 | O83: =0.5 * N83 * H83 * I83 -> 1.5586227e-05 | P83: =(F83/1000) / ((PI() * (G83/1000)^2) / 4) -> 105.31735
A84: Munition\5,45x39 | B84: 5,45 MPT | C84: bullet | D84: 5,45x39 | F84: 2.5 | G84: 5.45 | H84: 0.25 | I84: 1.225 | J84: 1 | K84: 16 | L84: 315 | M84: 5 | N84: =PI()*G84^2/4000000 -> 2.3328289e-05 | O84: =0.5 * N84 * H84 * I84 -> 3.5721442e-06 | P84: =(F84/1000) / ((PI() * (G84/1000)^2) / 4) -> 107.16603
A85: Munition\5,7x28\BO | B85: SS190 | C85: bullet | D85: 5,7x28 | E85: BO | F85: 2.1 | G85: 5.7 | H85: 0.25 | I85: 1.225 | J85: 1 | K85: 10 | L85: 715 | M85: 5 | N85: =PI()*G85^2/4000000 -> 2.5517586e-05 | O85: =0.5 * N85 * H85 * I85 -> 3.9073804e-06 | P85: =(F85/1000) / ((PI() * (G85/1000)^2) / 4) -> 82.296185
A86: Munition\5,7x28\Subsonique | B86: SB193 | C86: bullet | D86: 5,7x28 | E86: Subsonique | F86: 3.6 | G86: 5.7 | H86: 0.25 | I86: 1.225 | J86: 1 | K86: 10 | L86: 320 | M86: 7 | N86: =PI()*G86^2/4000000 -> 2.5517586e-05 | O86: =0.5 * N86 * H86 * I86 -> 3.9073804e-06 | P86: =(F86/1000) / ((PI() * (G86/1000)^2) / 4) -> 141.07917
A87: Munition\5,7x28\Expansion | B87: SS192 | C87: bullet | D87: 5,7x28 | E87: Expansion | F87: 1.8 | G87: 5.7 | H87: 0.25 | I87: 1.225 | J87: 1 | K87: 10 | L87: 705 | M87: 6 | N87: =PI()*G87^2/4000000 -> 2.5517586e-05 | O87: =0.5 * N87 * H87 * I87 -> 3.9073804e-06 | P87: =(F87/1000) / ((PI() * (G87/1000)^2) / 4) -> 70.539587
A88: Munition\5,8x42\BO | B88: 5,8 DBP87 | C88: bullet | D88: 5,8x42 | E88: BO | F88: 4.15 | G88: 5.8 | H88: 0.25 | I88: 1.225 | J88: 1 | K88: 18 | L88: 970 | M88: 8 | N88: =PI()*G88^2/4000000 -> 2.6420794e-05 | O88: =0.5 * N88 * H88 * I88 -> 4.0456841e-06 | P88: =(F88/1000) / ((PI() * (G88/1000)^2) / 4) -> 157.07325
A89: Munition\5,8x42\AP | B89: 5,8 DBP88 | C89: bullet | D89: 5,8x42 | E89: AP | F89: 4.8 | G89: 5.8 | H89: 0.25 | I89: 1.225 | J89: 1.5 | K89: 18 | L89: 890 | M89: 8.5 | N89: =PI()*G89^2/4000000 -> 2.6420794e-05 | O89: =0.5 * N89 * H89 * I89 -> 4.0456841e-06 | P89: =(F89/1000) / ((PI() * (G89/1000)^2) / 4) -> 181.67508
A90: Munition\12,7x99\BO | B90: .50 BMG | C90: bullet | D90: 12,7x99 | E90: BO | F90: 42 | G90: 12.7 | H90: 0.35 | I90: 1.225 | J90: 1 | K90: 30 | L90: 903 | M90: 75 | N90: =PI()*G90^2/4000000 -> 0.00012667687 | O90: =0.5 * N90 * H90 * I90 -> 2.7156354e-05 | P90: =(F90/1000) / ((PI() * (G90/1000)^2) / 4) -> 331.55224
A91: Munition\12,7x99\Sniper | B91: .50 BMG HP | C91: bullet | D91: 12,7x99 | E91: Sniper | F91: 46 | G91: 12.7 | H91: 0.35 | I91: 1.225 | J91: 1 | K91: 30 | L91: 903 | M91: 76 | N91: =PI()*G91^2/4000000 -> 0.00012667687 | O91: =0.5 * N91 * H91 * I91 -> 2.7156354e-05 | P91: =(F91/1000) / ((PI() * (G91/1000)^2) / 4) -> 363.12864
A92: Munition\12,7x99\AP | B92: .50 BMG API-S | C92: bullet | D92: 12,7x99 | E92: AP | F92: 47 | G92: 12.7 | H92: 0.35 | I92: 1.225 | J92: 1.5 | K92: 30 | L92: 893 | M92: 80 | N92: =PI()*G92^2/4000000 -> 0.00012667687 | O92: =0.5 * N92 * H92 * I92 -> 2.7156354e-05 | P92: =(F92/1000) / ((PI() * (G92/1000)^2) / 4) -> 371.02275
A93: Munition\14,5x114\Expansion | B93: 14,5 MDZ | C93: bullet | D93: 14,5x114 | E93: Expansion | F93: 59.68 | G93: 14.5 | H93: 0.32 | I93: 1.225 | J93: 1 | K93: 40 | L93: 1000 | M93: 100 | N93: =PI()*G93^2/4000000 -> 0.00016512996 | O93: =0.5 * N93 * H93 * I93 -> 3.2365473e-05 | P93: =(F93/1000) / ((PI() * (G93/1000)^2) / 4) -> 361.4123
A94: Munition\14,5x114\AP | B94: 14,5 BS | C94: bullet | D94: 14,5x114 | E94: AP | F94: 65.5 | G94: 14.5 | H94: 0.32 | I94: 1.225 | J94: 1.5 | K94: 40 | L94: 1000 | M94: 110 | N94: =PI()*G94^2/4000000 -> 0.00016512996 | O94: =0.5 * N94 * H94 * I94 -> 3.2365473e-05 | P94: =(F94/1000) / ((PI() * (G94/1000)^2) / 4) -> 396.65727
A95: Munition\14,5x114\AP | B95: 14,5 BZT | C95: bullet | D95: 14,5x114 | E95: AP | F95: 59.56 | G95: 14.5 | H95: 0.32 | I95: 1.225 | J95: 1.5 | K95: 40 | L95: 1000 | M95: 100 | N95: =PI()*G95^2/4000000 -> 0.00016512996 | O95: =0.5 * N95 * H95 * I95 -> 3.2365473e-05 | P95: =(F95/1000) / ((PI() * (G95/1000)^2) / 4) -> 360.6856
A96: Munition\7,92x57\AP | B96: 8x57 JR | C96: bullet | D96: 7,92x57 | E96: AP | F96: 12.7 | G96: 7.92 | H96: 0.26 | I96: 1.225 | J96: 1.5 | K96: 24 | L96: 710 | M96: 20 | N96: =PI()*G96^2/4000000 -> 4.9265199e-05 | O96: =0.5 * N96 * H96 * I96 -> 7.845483e-06 | P96: =(F96/1000) / ((PI() * (G96/1000)^2) / 4) -> 257.78846
... A125: Munition\6,5x52\BO | B125: 6,5 Carcano | C125: bullet | D125: 6,5x52 | E125: BO | F125: 9.4 | G125: 6.5 | H125: 0.28 | I125: 1.225 | J125: 1 | K125: 24 | L125: 630 | M125: 17 | N125: =PI()*G125^2/4000000 -> 3.3183072e-05 | O125: =0.5 * N125 * H125 * I125 -> 5.6908969e-06 | P125: =(F125/1000) / ((PI() * (G125/1000)^2) / 4) -> 283.27696

Sheet Weapon
A1: Folder | B1: Nom | C1: Sous-type d'arme | D1: Compétence associée | E1: Illustration | F1: Munition | G1: Calibre | H1: Poids à vide | I1: Canon (pouces) | J1: Range Short | K1: Range Med | L1: Range Long | M1: Range Extrem | N1: Recul C/C | O1: Recul Burst | P1: Chargeur | Q1: ROF mode | R1: ROF limited | S1: Longueur Canon standard (pouces) | T1: Vitesse initiale munition (m/s) | U1: Vitesse initiale arme (m/s) | V1: Masse Munition | W1: Energie Arme (joules) | X1: Densité Sect. munition (kg/m²) | Y1: ind. Perfo. Munition | Z1: Indice de freinage Munition (1/m) | AA1: Pénétr. Bouche (mm) | AB1: Pénétr. Courte (mm) | AC1: Pénétr. Moyenne (mm) | AD1: Pénétr. Longue (mm) | AE1: Pénétr. Extrême (mm) | AF1: Dégats | AG1: malus par tranche de blingage (courte) | AH1: malus par tranche de blingage (moyenne) | AI1: malus par tranche de blingage (longue) | AJ1: malus par tranche de blingage (extreme) | AK1: Année
A2: Armes à feu\Pistolet auto | B2: Tula Arms Plant - MSS Vul | C2: powder_projectiles | D2: powder_projectiles | F2: 7,62 SP 4 | G2: 7,62x42 | H2: 0.7 | I2: 16 | J2: 4 | K2: 8 | L2: 24 | M2: 48 | N2: 3 | P2: 6 | Q2: SA | R2: 1 | S2: =VLOOKUP($F2,Munition!$B:$P,10,FALSE) -> 16 | T2: =VLOOKUP($F2,Munition!$B:$P,11,FALSE) -> 265 | U2: =T2 * POWER(I2/S2,0.25) -> 265 | V2: =VLOOKUP($F2,Munition!$B:$P,5,FALSE) -> 9.3 | W2: =0.5 * (V2/1000) * (U2^2) -> 326.54625 | X2: =VLOOKUP($F2,Munition!$B:$P,15,FALSE) -> 203.93094 | Y2: =VLOOKUP($F2,Munition!$B:$P,9,FALSE) -> 1 | Z2: =VLOOKUP($F2,Munition!$B:$P,14,FALSE) -> 7.8210299e-06 | AA2: =0.0000001 * X2 * (2 * W2 / (V2/1000)) * Y2 -> 1.432105 | AB2: =0.0000001 * $X2 * (2 * $W2 * EXP(-(2*$Z2/($V2/1000)) * J2) / ($V2/1000)) * $Y2 -> 1.4225025 | AC2: =0.0000001 * $X2 * (2 * $W2 * EXP(-(2*$Z2/($V2/1000)) * K2) / ($V2/1000)) * $Y2 -> 1.4129644 | AD2: =0.0000001 * $X2 * (2 * $W2 * EXP(-(2*$Z2/($V2/1000)) * L2) / ($V2/1000)) * $Y2 -> 1.3754471 | AE2: =0.0000001 * $X2 * (2 * $W2 * EXP(-(2*$Z2/($V2/1000)) * M2) / ($V2/1000)) * $Y2 -> 1.3210306 | AF2: =IF(INT(SQRT(W2)/12)=0, MOD(INT(SQRT(W2)/4),3), INT(SQRT(W2)/12) & "D6" & IF(MOD(INT(SQRT(W2)/4),3)=0, "", "+" & MOD(INT(SQRT(W2)/4),3))) -> 1D6+1 | AG2: =IF((SQRT($W2)*(7/AA2))>=(SQRT($W2)),"-",IF(INT(SQRT($W2)*(7/AA2)/12)=0, MOD(INT(SQRT($W2)*(7/AA2)/4),3), INT(SQRT($W2)*(7/AA2)/12) & IF(MOD(INT(SQRT($W2)*(7/AA2)/4),3)=0, "", "+" & MOD(INT(SQRT($W2)*(7/AA2)/4),3)))) -> - | AH2: =IF((SQRT($W2)*(7/AB2))>=(SQRT($W2)),"-",IF(INT(SQRT($W2)*(7/AB2)/12)=0, MOD(INT(SQRT($W2)*(7/AB2)/4),3), INT(SQRT($W2)*(7/AB2)/12) & IF(MOD(INT(SQRT($W2)*(7/AB2)/4),3)=0, "", "+" & MOD(INT(SQRT($W2)*(7/AB2)/4),3)))) -> - | AI2: =IF((SQRT($W2)*(7/AC2))>=(SQRT($W2)),"-",IF(INT(SQRT($W2)*(7/AC2)/12)=0, MOD(INT(SQRT($W2)*(7/AC2)/4),3), INT(SQRT($W2)*(7/AC2)/12) & IF(MOD(INT(SQRT($W2)*(7/AC2)/4),3)=0, "", "+" & MOD(INT(SQRT($W2)*(7/AC2)/4),3)))) -> - | AJ2: =IF((SQRT($W2)*(7/AD2))>=(SQRT($W2)),"-",IF(INT(SQRT($W2)*(7/AD2)/12)=0, MOD(INT(SQRT($W2)*(7/AD2)/4),3), INT(SQRT($W2)*(7/AD2)/12) & IF(MOD(INT(SQRT($W2)*(7/AD2)/4),3)=0, "", "+" & MOD(INT(SQRT($W2)*(7/AD2)/4),3)))) -> - | AK2: 1965
A3: Armes à feu\Fusil Sniper | B3: Accuracy international - AW50F | C3: powder_projectiles | D3: powder_projectiles | F3: .50 BMG | G3: 12,7x99 | H3: 15 | I3: 27 | J3: 150 | K3: 300 | L3: 900 | M3: 1800 | N3: 2 | P3: 5 | Q3: BA | R3: 1 | S3: =VLOOKUP($F3,Munition!$B:$P,10,FALSE) -> 30 | T3: =VLOOKUP($F3,Munition!$B:$P,11,FALSE) -> 903 | U3: =T3 * POWER(I3/S3,0.25) -> 879.52538 | V3: =VLOOKUP($F3,Munition!$B:$P,5,FALSE) -> 42 | W3: =0.5 * (V3/1000) * (U3^2) -> 16244.863 | X3: =VLOOKUP($F3,Munition!$B:$P,15,FALSE) -> 331.55224 | Y3: =VLOOKUP($F3,Munition!$B:$P,9,FALSE) -> 1 | Z3: =VLOOKUP($F3,Munition!$B:$P,14,FALSE) -> 2.7156354e-05 | AA3: =0.0000001 * X3 * (2 * W3 / (V3/1000)) * Y3 -> 25.647718 | AB3: =0.0000001 * $X3 * (2 * $W3 * EXP(-(2*$Z3/($V3/1000)) * J3) / ($V3/1000)) * $Y3 -> 21.125495 | AC3: =0.0000001 * $X3 * (2 * $W3 * EXP(-(2*$Z3/($V3/1000)) * K3) / ($V3/1000)) * $Y3 -> 17.400634 | AD3: =0.0000001 * $X3 * (2 * $W3 * EXP(-(2*$Z3/($V3/1000)) * L3) / ($V3/1000)) * $Y3 -> 8.0093599 | AE3: =0.0000001 * $X3 * (2 * $W3 * EXP(-(2*$Z3/($V3/1000)) * M3) / ($V3/1000)) * $Y3 -> 2.5011912 | AF3: =IF(INT(SQRT(W3)/12)=0, MOD(INT(SQRT(W3)/4),3), INT(SQRT(W3)/12) & "D6" & IF(MOD(INT(SQRT(W3)/4),3)=0, "", "+" & MOD(INT(SQRT(W3)/4),3))) -> 10D6+1 | AG3: =IF((SQRT($W3)*(7/AA3))>=(SQRT($W3)),"-",IF(INT(SQRT($W3)*(7/AA3)/12)=0, MOD(INT(SQRT($W3)*(7/AA3)/4),3), INT(SQRT($W3)*(7/AA3)/12) & IF(MOD(INT(SQRT($W3)*(7/AA3)/4),3)=0, "", "+" & MOD(INT(SQRT($W3)*(7/AA3)/4),3)))) -> 2+2 | AH3: =IF((SQRT($W3)*(7/AB3))>=(SQRT($W3)),"-",IF(INT(SQRT($W3)*(7/AB3)/12)=0, MOD(INT(SQRT($W3)*(7/AB3)/4),3), INT(SQRT($W3)*(7/AB3)/12) & IF(MOD(INT(SQRT($W3)*(7/AB3)/4),3)=0, "", "+" & MOD(INT(SQRT($W3)*(7/AB3)/4),3)))) -> 3+1 | AI3: =IF((SQRT($W3)*(7/AC3))>=(SQRT($W3)),"-",IF(INT(SQRT($W3)*(7/AC3)/12)=0, MOD(INT(SQRT($W3)*(7/AC3)/4),3), INT(SQRT($W3)*(7/AC3)/12) & IF(MOD(INT(SQRT($W3)*(7/AC3)/4),3)=0, "", "+" & MOD(INT(SQRT($W3)*(7/AC3)/4),3)))) -> 4 | AJ3: =IF((SQRT($W3)*(7/AD3))>=(SQRT($W3)),"-",IF(INT(SQRT($W3)*(7/AD3)/12)=0, MOD(INT(SQRT($W3)*(7/AD3)/4),3), INT(SQRT($W3)*(7/AD3)/12) & IF(MOD(INT(SQRT($W3)*(7/AD3)/4),3)=0, "", "+" & MOD(INT(SQRT($W3)*(7/AD3)/4),3)))) -> 9 | AK3: 1998
A4: Armes à feu\Fusil | B4: Accuracy internationnal - AT308 | C4: powder_projectiles | D4: powder_projectiles | F4: .308 Winchester Sub | G4: 7,62x51 | H4: 6.3 | I4: 22 | J4: 50 | K4: 100 | L4: 300 | M4: 600 | N4: 1 | P4: 10 | Q4: BA | R4: 1 | S4: =VLOOKUP($F4,Munition!$B:$P,10,FALSE) -> 22 | T4: =VLOOKUP($F4,Munition!$B:$P,11,FALSE) -> 325 | U4: =T4 * POWER(I4/S4,0.25) -> 325 | V4: =VLOOKUP($F4,Munition!$B:$P,5,FALSE) -> 13 | W4: =0.5 * (V4/1000) * (U4^2) -> 686.5625 | X4: =VLOOKUP($F4,Munition!$B:$P,15,FALSE) -> 285.06476 | Y4: =VLOOKUP($F4,Munition!$B:$P,9,FALSE) -> 1 | Z4: =VLOOKUP($F4,Munition!$B:$P,14,FALSE) -> 6.9830624e-06 | AA4: =0.0000001 * X4 * (2 * W4 / (V4/1000)) * Y4 -> 3.0109965 | AB4: =0.0000001 * $X4 * (2 * $W4 * EXP(-(2*$Z4/($V4/1000)) * J4) / ($V4/1000)) * $Y4 -> 2.8535254 | AC4: =0.0000001 * $X4 * (2 * $W4 * EXP(-(2*$Z4/($V4/1000)) * K4) / ($V4/1000)) * $Y4 -> 2.7042899 | AD4: =0.0000001 * $X4 * (2 * $W4 * EXP(-(2*$Z4/($V4/1000)) * L4) / ($V4/1000)) * $Y4 -> 2.1814197 | AE4: =0.0000001 * $X4 * (2 * $W4 * EXP(-(2*$Z4/($V4/1000)) * M4) / ($V4/1000)) * $Y4 -> 1.5804043 | AF4: =IF(INT(SQRT(W4)/12)=0, MOD(INT(SQRT(W4)/4),3), INT(SQRT(W4)/12) & "D6" & IF(MOD(INT(SQRT(W4)/4),3)=0, "", "+" & MOD(INT(SQRT(W4)/4),3))) -> 2D6 | AG4: =IF((SQRT($W4)*(7/AA4))>=(SQRT($W4)),"-",IF(INT(SQRT($W4)*(7/AA4)/12)=0, MOD(INT(SQRT($W4)*(7/AA4)/4),3), INT(SQRT($W4)*(7/AA4)/12) & IF(MOD(INT(SQRT($W4)*(7/AA4)/4),3)=0, "", "+" & MOD(INT(SQRT($W4)*(7/AA4)/4),3)))) -> - | AH4: =IF((SQRT($W4)*(7/AB4))>=(SQRT($W4)),"-",IF(INT(SQRT($W4)*(7/AB4)/12)=0, MOD(INT(SQRT($W4)*(7/AB4)/4),3), INT(SQRT($W4)*(7/AB4)/12) & IF(MOD(INT(SQRT($W4)*(7/AB4)/4),3)=0, "", "+" & MOD(INT(SQRT($W4)*(7/AB4)/4),3)))) -> - | AI4: =IF((SQRT($W4)*(7/AC4))>=(SQRT($W4)),"-",IF(INT(SQRT($W4)*(7/AC4)/12)=0, MOD(INT(SQRT($W4)*(7/AC4)/4),3), INT(SQRT($W4)*(7/AC4)/12) & IF(MOD(INT(SQRT($W4)*(7/AC4)/4),3)=0, "", "+" & MOD(INT(SQRT($W4)*(7/AC4)/4),3)))) -> - | AJ4: =IF((SQRT($W4)*(7/AD4))>=(SQRT($W4)),"-",IF(INT(SQRT($W4)*(7/AD4)/12)=0, MOD(INT(SQRT($W4)*(7/AD4)/4),3), INT(SQRT($W4)*(7/AD4)/12) & IF(MOD(INT(SQRT($W4)*(7/AD4)/4),3)=0, "", "+" & MOD(INT(SQRT($W4)*(7/AD4)/4),3)))) -> - | AK4: 1982
A5: Armes à feu\Mitrailleuse | B5: ARES - LMG-1 | C5: powder_projectiles | D5: powder_projectiles | F5: 5,56 M193 | G5: 5,56x45 | H5: 5.7 | I5: 16 | J5: 100 | K5: 200 | L5: 600 | M5: 1200 | N5: 1 | O5: 5 | P5: 50 | Q5: 50 | R5: 10 | S5: =VLOOKUP($F5,Munition!$B:$P,10,FALSE) -> 20 | T5: =VLOOKUP($F5,Munition!$B:$P,11,FALSE) -> 878 | U5: =T5 * POWER(I5/S5,0.25) -> 830.36113 | V5: =VLOOKUP($F5,Munition!$B:$P,5,FALSE) -> 3.56 | W5: =0.5 * (V5/1000) * (U5^2) -> 1227.3093 | X5: =VLOOKUP($F5,Munition!$B:$P,15,FALSE) -> 146.62585 | Y5: =VLOOKUP($F5,Munition!$B:$P,9,FALSE) -> 1 | Z5: =VLOOKUP($F5,Munition!$B:$P,14,FALSE) -> 3.7177961e-06 | AA5: =0.0000001 * X5 * (2 * W5 / (V5/1000)) * Y5 -> 10.109846 | AB5: =0.0000001 * $X5 * (2 * $W5 * EXP(-(2*$Z5/($V5/1000)) * J5) / ($V5/1000)) * $Y5 -> 8.2041891 | AC5: =0.0000001 * $X5 * (2 * $W5 * EXP(-(2*$Z5/($V5/1000)) * K5) / ($V5/1000)) * $Y5 -> 6.6577391 | AD5: =0.0000001 * $X5 * (2 * $W5 * EXP(-(2*$Z5/($V5/1000)) * L5) / ($V5/1000)) * $Y5 -> 2.8872952 | AE5: =0.0000001 * $X5 * (2 * $W5 * EXP(-(2*$Z5/($V5/1000)) * M5) / ($V5/1000)) * $Y5 -> 0.82458954 | AF5: =IF(INT(SQRT(W5)/12)=0, MOD(INT(SQRT(W5)/4),3), INT(SQRT(W5)/12) & "D6" & IF(MOD(INT(SQRT(W5)/4),3)=0, "", "+" & MOD(INT(SQRT(W5)/4),3))) -> 2D6+2 | AG5: =IF((SQRT($W5)*(7/AA5))>=(SQRT($W5)),"-",IF(INT(SQRT($W5)*(7/AA5)/12)=0, MOD(INT(SQRT($W5)*(7/AA5)/4),3), INT(SQRT($W5)*(7/AA5)/12) & IF(MOD(INT(SQRT($W5)*(7/AA5)/4),3)=0, "", "+" & MOD(INT(SQRT($W5)*(7/AA5)/4),3)))) -> 2 | AH5: =IF((SQRT($W5)*(7/AB5))>=(SQRT($W5)),"-",IF(INT(SQRT($W5)*(7/AB5)/12)=0, MOD(INT(SQRT($W5)*(7/AB5)/4),3), INT(SQRT($W5)*(7/AB5)/12) & IF(MOD(INT(SQRT($W5)*(7/AB5)/4),3)=0, "", "+" & MOD(INT(SQRT($W5)*(7/AB5)/4),3)))) -> 2+1 | AI5: =IF((SQRT($W5)*(7/AC5))>=(SQRT($W5)),"-",IF(INT(SQRT($W5)*(7/AC5)/12)=0, MOD(INT(SQRT($W5)*(7/AC5)/4),3), INT(SQRT($W5)*(7/AC5)/12) & IF(MOD(INT(SQRT($W5)*(7/AC5)/4),3)=0, "", "+" & MOD(INT(SQRT($W5)*(7/AC5)/4),3)))) -> - | AJ5: =IF((SQRT($W5)*(7/AD5))>=(SQRT($W5)),"-",IF(INT(SQRT($W5)*(7/AD5)/12)=0, MOD(INT(SQRT($W5)*(7/AD5)/4),3), INT(SQRT($W5)*(7/AD5)/12) & IF(MOD(INT(SQRT($W5)*(7/AD5)/4),3)=0, "", "+" & MOD(INT(SQRT($W5)*(7/AD5)/4),3)))) -> - | AK5: 1986
A6: Armes à feu\Pistolet auto | B6: Ares Inc - FMG | C6: powder_projectiles | D6: powder_projectiles | F6: 9 P | G6: 9x19 | H6: 1.8 | I6: 5 | J6: 16 | K6: 32 | L6: 96 | M6: 192 | N6: 2 | O6: 10 | P6: 28 | Q6: 1/55 | R6: 10 | S6: =VLOOKUP($F6,Munition!$B:$P,10,FALSE) -> 4.5 | T6: =VLOOKUP($F6,Munition!$B:$P,11,FALSE) -> 450 | U6: =T6 * POWER(I6/S6,0.25) -> 462.01054 | V6: =VLOOKUP($F6,Munition!$B:$P,5,FALSE) -> 6.75 | W6: =0.5 * (V6/1000) * (U6^2) -> 720.40638 | X6: =VLOOKUP($F6,Munition!$B:$P,15,FALSE) -> 106.1033 | Y6: =VLOOKUP($F6,Munition!$B:$P,9,FALSE) -> 1 | Z6: =VLOOKUP($F6,Munition!$B:$P,14,FALSE) -> 1.5586227e-05 | AA6: =0.0000001 * X6 * (2 * W6 / (V6/1000)) * Y6 -> 2.2648145 | AB6: =0.0000001 * $X6 * (2 * $W6 * EXP(-(2*$Z6/($V6/1000)) * J6) / ($V6/1000)) * $Y6 -> 2.1035 | AC6: =0.0000001 * $X6 * (2 * $W6 * EXP(-(2*$Z6/($V6/1000)) * K6) / ($V6/1000)) * $Y6 -> 1.9536753 | AD6: =0.0000001 * $X6 * (2 * $W6 * EXP(-(2*$Z6/($V6/1000)) * L6) / ($V6/1000)) * $Y6 -> 1.4537571 | AE6: =0.0000001 * $X6 * (2 * $W6 * EXP(-(2*$Z6/($V6/1000)) * M6) / ($V6/1000)) * $Y6 -> 0.93314915 | AF6: =IF(INT(SQRT(W6)/12)=0, MOD(INT(SQRT(W6)/4),3), INT(SQRT(W6)/12) & "D6" & IF(MOD(INT(SQRT(W6)/4),3)=0, "", "+" & MOD(INT(SQRT(W6)/4),3))) -> 2D6 | AG6: =IF((SQRT($W6)*(7/AA6))>=(SQRT($W6)),"-",IF(INT(SQRT($W6)*(7/AA6)/12)=0, MOD(INT(SQRT($W6)*(7/AA6)/4),3), INT(SQRT($W6)*(7/AA6)/12) & IF(MOD(INT(SQRT($W6)*(7/AA6)/4),3)=0, "", "+" & MOD(INT(SQRT($W6)*(7/AA6)/4),3)))) -> - | AH6: =IF((SQRT($W6)*(7/AB6))>=(SQRT($W6)),"-",IF(INT(SQRT($W6)*(7/AB6)/12)=0, MOD(INT(SQRT($W6)*(7/AB6)/4),3), INT(SQRT($W6)*(7/AB6)/12) & IF(MOD(INT(SQRT($W6)*(7/AB6)/4),3)=0, "", "+" & MOD(INT(SQRT($W6)*(7/AB6)/4),3)))) -> - | AI6: =IF((SQRT($W6)*(7/AC6))>=(SQRT($W6)),"-",IF(INT(SQRT($W6)*(7/AC6)/12)=0, MOD(INT(SQRT($W6)*(7/AC6)/4),3), INT(SQRT($W6)*(7/AC6)/12) & IF(MOD(INT(SQRT($W6)*(7/AC6)/4),3)=0, "", "+" & MOD(INT(SQRT($W6)*(7/AC6)/4),3)))) -> - | AJ6: =IF((SQRT($W6)*(7/AD6))>=(SQRT($W6)),"-",IF(INT(SQRT($W6)*(7/AD6)/12)=0, MOD(INT(SQRT($W6)*(7/AD6)/4),3), INT(SQRT($W6)*(7/AD6)/12) & IF(MOD(INT(SQRT($W6)*(7/AD6)/4),3)=0, "", "+" & MOD(INT(SQRT($W6)*(7/AD6)/4),3)))) -> - | AK6: 1983
A7: Armes à feu\Fusil d'assaut | B7: Armalite - AR 18 | C7: powder_projectiles | D7: powder_projectiles | F7: 5,56 M193 | G7: 5,56x45 | H7: 3.9 | I7: 18 | J7: 50 | K7: 100 | L7: 300 | M7: 600 | N7: 2 | O7: 10 | P7: 30 | Q7: 1/65 | R7: 10 | S7: =VLOOKUP($F7,Munition!$B:$P,10,FALSE) -> 20 | T7: =VLOOKUP($F7,Munition!$B:$P,11,FALSE) -> 878 | U7: =T7 * POWER(I7/S7,0.25) -> 855.17529 | V7: =VLOOKUP($F7,Munition!$B:$P,5,FALSE) -> 3.56 | W7: =0.5 * (V7/1000) * (U7^2) -> 1301.7581 | X7: =VLOOKUP($F7,Munition!$B:$P,15,FALSE) -> 146.62585 | Y7: =VLOOKUP($F7,Munition!$B:$P,9,FALSE) -> 1 | Z7: =VLOOKUP($F7,Munition!$B:$P,14,FALSE) -> 3.7177961e-06 | AA7: =0.0000001 * X7 * (2 * W7 / (V7/1000)) * Y7 -> 10.723111 | AB7: =0.0000001 * $X7 * (2 * $W7 * EXP(-(2*$Z7/($V7/1000)) * J7) / ($V7/1000)) * $Y7 -> 9.6597608 | AC7: =0.0000001 * $X7 * (2 * $W7 * EXP(-(2*$Z7/($V7/1000)) * K7) / ($V7/1000)) * $Y7 -> 8.7018567 | AD7: =0.0000001 * $X7 * (2 * $W7 * EXP(-(2*$Z7/($V7/1000)) * L7) / ($V7/1000)) * $Y7 -> 5.7305214 | AE7: =0.0000001 * $X7 * (2 * $W7 * EXP(-(2*$Z7/($V7/1000)) * M7) / ($V7/1000)) * $Y7 -> 3.062439 | AF7: =IF(INT(SQRT(W7)/12)=0, MOD(INT(SQRT(W7)/4),3), INT(SQRT(W7)/12) & "D6" & IF(MOD(INT(SQRT(W7)/4),3)=0, "", "+" & MOD(INT(SQRT(W7)/4),3))) -> 3D6 | AG7: =IF((SQRT($W7)*(7/AA7))>=(SQRT($W7)),"-",IF(INT(SQRT($W7)*(7/AA7)/12)=0, MOD(INT(SQRT($W7)*(7/AA7)/4),3), INT(SQRT($W7)*(7/AA7)/12) & IF(MOD(INT(SQRT($W7)*(7/AA7)/4),3)=0, "", "+" & MOD(INT(SQRT($W7)*(7/AA7)/4),3)))) -> 1+2 | AH7: =IF((SQRT($W7)*(7/AB7))>=(SQRT($W7)),"-",IF(INT(SQRT($W7)*(7/AB7)/12)=0, MOD(INT(SQRT($W7)*(7/AB7)/4),3), INT(SQRT($W7)*(7/AB7)/12) & IF(MOD(INT(SQRT($W7)*(7/AB7)/4),3)=0, "", "+" & MOD(INT(SQRT($W7)*(7/AB7)/4),3)))) -> 2 | AI7: =IF((SQRT($W7)*(7/AC7))>=(SQRT($W7)),"-",IF(INT(SQRT($W7)*(7/AC7)/12)=0, MOD(INT(SQRT($W7)*(7/AC7)/4),3), INT(SQRT($W7)*(7/AC7)/12) & IF(MOD(INT(SQRT($W7)*(7/AC7)/4),3)=0, "", "+" & MOD(INT(SQRT($W7)*(7/AC7)/4),3)))) -> 2+1 | AJ7: =IF((SQRT($W7)*(7/AD7))>=(SQRT($W7)),"-",IF(INT(SQRT($W7)*(7/AD7)/12)=0, MOD(INT(SQRT($W7)*(7/AD7)/4),3), INT(SQRT($W7)*(7/AD7)/12) & IF(MOD(INT(SQRT($W7)*(7/AD7)/4),3)=0, "", "+" & MOD(INT(SQRT($W7)*(7/AD7)/4),3)))) -> - | AK7: 1963
A8: Armes à feu\Fusil d'assaut | B8: Armurier Breton - FSA Commando | C8: powder_projectiles | D8: powder_projectiles | F8: 7,62 N | G8: 7,62x51 | H8: 3.96 | I8: 11 | J8: 50 | K8: 100 | L8: 300 | M8: 600 | N8: 2 | O8: 3 | P8: 20 | Q8: 1/3 | R8: 3 | S8: =VLOOKUP($F8,Munition!$B:$P,10,FALSE) -> 22 | T8: =VLOOKUP($F8,Munition!$B:$P,11,FALSE) -> 832 | U8: =T8 * POWER(I8/S8,0.25) -> 699.62582 | V8: =VLOOKUP($F8,Munition!$B:$P,5,FALSE) -> 9.45 | W8: =0.5 * (V8/1000) * (U8^2) -> 2312.7754 | X8: =VLOOKUP($F8,Munition!$B:$P,15,FALSE) -> 207.22015 | Y8: =VLOOKUP($F8,Munition!$B:$P,9,FALSE) -> 1 | Z8: =VLOOKUP($F8,Munition!$B:$P,14,FALSE) -> 6.9830624e-06 | AA8: =0.0000001 * X8 * (2 * W8 / (V8/1000)) * Y8 -> 10.142935 | AB8: =0.0000001 * $X8 * (2 * $W8 * EXP(-(2*$Z8/($V8/1000)) * J8) / ($V8/1000)) * $Y8 -> 9.4204472 | AC8: =0.0000001 * $X8 * (2 * $W8 * EXP(-(2*$Z8/($V8/1000)) * K8) / ($V8/1000)) * $Y8 -> 8.7494227 | AD8: =0.0000001 * $X8 * (2 * $W8 * EXP(-(2*$Z8/($V8/1000)) * L8) / ($V8/1000)) * $Y8 -> 6.5104485 | AE8: =0.0000001 * $X8 * (2 * $W8 * EXP(-(2*$Z8/($V8/1000)) * M8) / ($V8/1000)) * $Y8 -> 4.1788635 | AF8: =IF(INT(SQRT(W8)/12)=0, MOD(INT(SQRT(W8)/4),3), INT(SQRT(W8)/12) & "D6" & IF(MOD(INT(SQRT(W8)/4),3)=0, "", "+" & MOD(INT(SQRT(W8)/4),3))) -> 4D6 | AG8: =IF((SQRT($W8)*(7/AA8))>=(SQRT($W8)),"-",IF(INT(SQRT($W8)*(7/AA8)/12)=0, MOD(INT(SQRT($W8)*(7/AA8)/4),3), INT(SQRT($W8)*(7/AA8)/12) & IF(MOD(INT(SQRT($W8)*(7/AA8)/4),3)=0, "", "+" & MOD(INT(SQRT($W8)*(7/AA8)/4),3)))) -> 2+2 | AH8: =IF((SQRT($W8)*(7/AB8))>=(SQRT($W8)),"-",IF(INT(SQRT($W8)*(7/AB8)/12)=0, MOD(INT(SQRT($W8)*(7/AB8)/4),3), INT(SQRT($W8)*(7/AB8)/12) & IF(MOD(INT(SQRT($W8)*(7/AB8)/4),3)=0, "", "+" & MOD(INT(SQRT($W8)*(7/AB8)/4),3)))) -> 2+2 | AI8: =IF((SQRT($W8)*(7/AC8))>=(SQRT($W8)),"-",IF(INT(SQRT($W8)*(7/AC8)/12)=0, MOD(INT(SQRT($W8)*(7/AC8)/4),3), INT(SQRT($W8)*(7/AC8)/12) & IF(MOD(INT(SQRT($W8)*(7/AC8)/4),3)=0, "", "+" & MOD(INT(SQRT($W8)*(7/AC8)/4),3)))) -> 3 | AJ8: =IF((SQRT($W8)*(7/AD8))>=(SQRT($W8)),"-",IF(INT(SQRT($W8)*(7/AD8)/12)=0, MOD(INT(SQRT($W8)*(7/AD8)/4),3), INT(SQRT($W8)*(7/AD8)/12) & IF(MOD(INT(SQRT($W8)*(7/AD8)/4),3)=0, "", "+" & MOD(INT(SQRT($W8)*(7/AD8)/4),3)))) -> - | AK8: 2003
A9: Armes à feu\Fusil Sniper | B9: Armurier Breton - FSA Précision | C9: powder_projectiles | D9: powder_projectiles | F9: 7,62 N | G9: 7,62x51 | H9: 3.96 | I9: 22 | J9: 133 | K9: 266 | L9: 798 | M9: 1596 | N9: 2 | O9: 3 | P9: 20 | Q9: 1/3 | R9: 3 | S9: =VLOOKUP($F9,Munition!$B:$P,10,FALSE) -> 22 | T9: =VLOOKUP($F9,Munition!$B:$P,11,FALSE) -> 832 | U9: =T9 * POWER(I9/S9,0.25) -> 832 | V9: =VLOOKUP($F9,Munition!$B:$P,5,FALSE) -> 9.45 | W9: =0.5 * (V9/1000) * (U9^2) -> 3270.7584 | X9: =VLOOKUP($F9,Munition!$B:$P,15,FALSE) -> 207.22015 | Y9: =VLOOKUP($F9,Munition!$B:$P,9,FALSE) -> 1 | Z9: =VLOOKUP($F9,Munition!$B:$P,14,FALSE) -> 6.9830624e-06 | AA9: =0.0000001 * X9 * (2 * W9 / (V9/1000)) * Y9 -> 14.344276 | AB9: =0.0000001 * $X9 * (2 * $W9 * EXP(-(2*$Z9/($V9/1000)) * J9) / ($V9/1000)) * $Y9 -> 11.784566 | AC9: =0.0000001 * $X9 * (2 * $W9 * EXP(-(2*$Z9/($V9/1000)) * K9) / ($V9/1000)) * $Y9 -> 9.6816315 | AD9: =0.0000001 * $X9 * (2 * $W9 * EXP(-(2*$Z9/($V9/1000)) * L9) / ($V9/1000)) * $Y9 -> 4.4105056 | AE9: =0.0000001 * $X9 * (2 * $W9 * EXP(-(2*$Z9/($V9/1000)) * M9) / ($V9/1000)) * $Y9 -> 1.35612 | AF9: =IF(INT(SQRT(W9)/12)=0, MOD(INT(SQRT(W9)/4),3), INT(SQRT(W9)/12) & "D6" & IF(MOD(INT(SQRT(W9)/4),3)=0, "", "+" & MOD(INT(SQRT(W9)/4),3))) -> 4D6+2 | AG9: =IF((SQRT($W9)*(7/AA9))>=(SQRT($W9)),"-",IF(INT(SQRT($W9)*(7/AA9)/12)=0, MOD(INT(SQRT($W9)*(7/AA9)/4),3), INT(SQRT($W9)*(7/AA9)/12) & IF(MOD(INT(SQRT($W9)*(7/AA9)/4),3)=0, "", "+" & MOD(INT(SQRT($W9)*(7/AA9)/4),3)))) -> 2 | AH9: =IF((SQRT($W9)*(7/AB9))>=(SQRT($W9)),"-",IF(INT(SQRT($W9)*(7/AB9)/12)=0, MOD(INT(SQRT($W9)*(7/AB9)/4),3), INT(SQRT($W9)*(7/AB9)/12) & IF(MOD(INT(SQRT($W9)*(7/AB9)/4),3)=0, "", "+" & MOD(INT(SQRT($W9)*(7/AB9)/4),3)))) -> 2+2 | AI9: =IF((SQRT($W9)*(7/AC9))>=(SQRT($W9)),"-",IF(INT(SQRT($W9)*(7/AC9)/12)=0, MOD(INT(SQRT($W9)*(7/AC9)/4),3), INT(SQRT($W9)*(7/AC9)/12) & IF(MOD(INT(SQRT($W9)*(7/AC9)/4),3)=0, "", "+" & MOD(INT(SQRT($W9)*(7/AC9)/4),3)))) -> 3+1 | AJ9: =IF((SQRT($W9)*(7/AD9))>=(SQRT($W9)),"-",IF(INT(SQRT($W9)*(7/AD9)/12)=0, MOD(INT(SQRT($W9)*(7/AD9)/4),3), INT(SQRT($W9)*(7/AD9)/12) & IF(MOD(INT(SQRT($W9)*(7/AD9)/4),3)=0, "", "+" & MOD(INT(SQRT($W9)*(7/AD9)/4),3)))) -> - | AK9: 2003
A10: Armes à feu\Fusil Sniper | B10: Armurier Breton - FSA Précision S | C10: powder_projectiles | D10: powder_projectiles | F10: 7,62 N | G10: 7,62x51 | H10: 4.1 | I10: 20 | J10: 83 | K10: 166 | L10: 498 | M10: 996 | N10: 2 | O10: 3 | P10: 20 | Q10: 1/3 | R10: 3 | S10: =VLOOKUP($F10,Munition!$B:$P,10,FALSE) -> 22 | T10: =VLOOKUP($F10,Munition!$B:$P,11,FALSE) -> 832 | U10: =T10 * POWER(I10/S10,0.25) -> 812.4098 | V10: =VLOOKUP($F10,Munition!$B:$P,5,FALSE) -> 9.45 | W10: =0.5 * (V10/1000) * (U10^2) -> 3118.5458 | X10: =VLOOKUP($F10,Munition!$B:$P,15,FALSE) -> 207.22015 | Y10: =VLOOKUP($F10,Munition!$B:$P,9,FALSE) -> 1 | Z10: =VLOOKUP($F10,Munition!$B:$P,14,FALSE) -> 6.9830624e-06 | AA10: =0.0000001 * X10 * (2 * W10 / (V10/1000)) * Y10 -> 13.676731 | AB10: =0.0000001 * $X10 * (2 * $W10 * EXP(-(2*$Z10/($V10/1000)) * J10) / ($V10/1000)) * $Y10 -> 12.097883 | AC10: =0.0000001 * $X10 * (2 * $W10 * EXP(-(2*$Z10/($V10/1000)) * K10) / ($V10/1000)) * $Y10 -> 10.701298 | AD10: =0.0000001 * $X10 * (2 * $W10 * EXP(-(2*$Z10/($V10/1000)) * L10) / ($V10/1000)) * $Y10 -> 6.5515606 | AE10: =0.0000001 * $X10 * (2 * $W10 * EXP(-(2*$Z10/($V10/1000)) * M10) / ($V10/1000)) * $Y10 -> 3.1383923 | AF10: =IF(INT(SQRT(W10)/12)=0, MOD(INT(SQRT(W10)/4),3), INT(SQRT(W10)/12) & "D6" & IF(MOD(INT(SQRT(W10)/4),3)=0, "", "+" & MOD(INT(SQRT(W10)/4),3))) -> 4D6+1 | AG10: =IF((SQRT($W10)*(7/AA10))>=(SQRT($W10)),"-",IF(INT(SQRT($W10)*(7/AA10)/12)=0, MOD(INT(SQRT($W10)*(7/AA10)/4),3), INT(SQRT($W10)*(7/AA10)/12) & IF(MOD(INT(SQRT($W10)*(7/AA10)/4),3)=0, "", "+" & MOD(INT(SQRT($W10)*(7/AA10)/4),3)))) -> 2+1 | AH10: =IF((SQRT($W10)*(7/AB10))>=(SQRT($W10)),"-",IF(INT(SQRT($W10)*(7/AB10)/12)=0, MOD(INT(SQRT($W10)*(7/AB10)/4),3), INT(SQRT($W10)*(7/AB10)/12) & IF(MOD(INT(SQRT($W10)*(7/AB10)/4),3)=0, "", "+" & MOD(INT(SQRT($W10)*(7/AB10)/4),3)))) -> 2+2 | AI10: =IF((SQRT($W10)*(7/AC10))>=(SQRT($W10)),"-",IF(INT(SQRT($W10)*(7/AC10)/12)=0, MOD(INT(SQRT($W10)*(7/AC10)/4),3), INT(SQRT($W10)*(7/AC10)/12) & IF(MOD(INT(SQRT($W10)*(7/AC10)/4),3)=0, "", "+" & MOD(INT(SQRT($W10)*(7/AC10)/4),3)))) -> 3 | AJ10: =IF((SQRT($W10)*(7/AD10))>=(SQRT($W10)),"-",IF(INT(SQRT($W10)*(7/AD10)/12)=0, MOD(INT(SQRT($W10)*(7/AD10)/4),3), INT(SQRT($W10)*(7/AD10)/12) & IF(MOD(INT(SQRT($W10)*(7/AD10)/4),3)=0, "", "+" & MOD(INT(SQRT($W10)*(7/AD10)/4),3)))) -> - | AK10: 2003
A11: Armes à feu\Fusil pompe | B11: Atchisson - AA-12 | C11: powder_projectiles | D11: powder_projectiles | E11: AA-12 | F11: Cal. 12 G | G11: 18,5x70 | H11: 5.2 | I11: 18.5 | J11: 6 | K11: 12 | L11: 36 | M11: 72 | N11: 1 | O11: 3 | P11: 32 | Q11: 1/7 | R11: 2 | S11: =VLOOKUP($F11,Munition!$B:$P,10,FALSE) -> 20 | T11: =VLOOKUP($F11,Munition!$B:$P,11,FALSE) -> 408 | U11: =T11 * POWER(I11/S11,0.25) -> 400.12492 | V11: =VLOOKUP($F11,Munition!$B:$P,5,FALSE) -> 38 | W11: =0.5 * (V11/1000) * (U11^2) -> 3041.899 | X11: =VLOOKUP($F11,Munition!$B:$P,15,FALSE) -> 141.36772 | Y11: =VLOOKUP($F11,Munition!$B:$P,9,FALSE) -> 1 | Z11: =VLOOKUP($F11,Munition!$B:$P,14,FALSE) -> 9.8784927e-05 | AA11: =0.0000001 * X11 * (2 * W11 / (V11/1000)) * Y11 -> 2.2632965 | AB11: =0.0000001 * $X11 * (2 * $W11 * EXP(-(2*$Z11/($V11/1000)) * J11) / ($V11/1000)) * $Y11 -> 2.1937823 | AC11: =0.0000001 * $X11 * (2 * $W11 * EXP(-(2*$Z11/($V11/1000)) * K11) / ($V11/1000)) * $Y11 -> 2.1264032 | AD11: =0.0000001 * $X11 * (2 * $W11 * EXP(-(2*$Z11/($V11/1000)) * L11) / ($V11/1000)) * $Y11 -> 1.8769553 | AE11: =0.0000001 * $X11 * (2 * $W11 * EXP(-(2*$Z11/($V11/1000)) * M11) / ($V11/1000)) * $Y11 -> 1.5565619 | AF11: =IF(INT(SQRT(W11)/12)=0, MOD(INT(SQRT(W11)/4),3), INT(SQRT(W11)/12) & "D6" & IF(MOD(INT(SQRT(W11)/4),3)=0, "", "+" & MOD(INT(SQRT(W11)/4),3))) -> 4D6+1 | AG11: =IF((SQRT($W11)*(7/AA11))>=(SQRT($W11)),"-",IF(INT(SQRT($W11)*(7/AA11)/12)=0, MOD(INT(SQRT($W11)*(7/AA11)/4),3), INT(SQRT($W11)*(7/AA11)/12) & IF(MOD(INT(SQRT($W11)*(7/AA11)/4),3)=0, "", "+" & MOD(INT(SQRT($W11)*(7/AA11)/4),3)))) -> - | AH11: =IF((SQRT($W11)*(7/AB11))>=(SQRT($W11)),"-",IF(INT(SQRT($W11)*(7/AB11)/12)=0, MOD(INT(SQRT($W11)*(7/AB11)/4),3), INT(SQRT($W11)*(7/AB11)/12) & IF(MOD(INT(SQRT($W11)*(7/AB11)/4),3)=0, "", "+" & MOD(INT(SQRT($W11)*(7/AB11)/4),3)))) -> - | AI11: =IF((SQRT($W11)*(7/AC11))>=(SQRT($W11)),"-",IF(INT(SQRT($W11)*(7/AC11)/12)=0, MOD(INT(SQRT($W11)*(7/AC11)/4),3), INT(SQRT($W11)*(7/AC11)/12) & IF(MOD(INT(SQRT($W11)*(7/AC11)/4),3)=0, "", "+" & MOD(INT(SQRT($W11)*(7/AC11)/4),3)))) -> - | AJ11: =IF((SQRT($W11)*(7/AD11))>=(SQRT($W11)),"-",IF(INT(SQRT($W11)*(7/AD11)/12)=0, MOD(INT(SQRT($W11)*(7/AD11)/4),3), INT(SQRT($W11)*(7/AD11)/12) & IF(MOD(INT(SQRT($W11)*(7/AD11)/4),3)=0, "", "+" & MOD(INT(SQRT($W11)*(7/AD11)/4),3)))) -> - | AK11: 2005
A12: Armes à feu\Pistolet auto | B12: Auto mag corporation - .44 Automag | C12: powder_projectiles | D12: powder_projectiles | F12: .44 AMP | G12: 10,74x33 | H12: 1.8 | I12: 6.5 | J12: 8 | K12: 16 | L12: 48 | M12: 96 | N12: 3 | P12: 7 | Q12: SA | R12: 1 | S12: =VLOOKUP($F12,Munition!$B:$P,10,FALSE) -> 6 | T12: =VLOOKUP($F12,Munition!$B:$P,11,FALSE) -> 500 | U12: =T12 * POWER(I12/S12,0.25) -> 510.10612 | V12: =VLOOKUP($F12,Munition!$B:$P,5,FALSE) -> 19 | W12: =0.5 * (V12/1000) * (U12^2) -> 2471.9784 | X12: =VLOOKUP($F12,Munition!$B:$P,15,FALSE) -> 209.72739 | Y12: =VLOOKUP($F12,Munition!$B:$P,9,FALSE) -> 1 | Z12: =VLOOKUP($F12,Munition!$B:$P,14,FALSE) -> 2.2195479e-05 | AA12: =0.0000001 * X12 * (2 * W12 / (V12/1000)) * Y12 -> 5.4572798 | AB12: =0.0000001 * $X12 * (2 * $W12 * EXP(-(2*$Z12/($V12/1000)) * J12) / ($V12/1000)) * $Y12 -> 5.3562255 | AC12: =0.0000001 * $X12 * (2 * $W12 * EXP(-(2*$Z12/($V12/1000)) * K12) / ($V12/1000)) * $Y12 -> 5.2570424 | AD12: =0.0000001 * $X12 * (2 * $W12 * EXP(-(2*$Z12/($V12/1000)) * L12) / ($V12/1000)) * $Y12 -> 4.8783394 | AE12: =0.0000001 * $X12 * (2 * $W12 * EXP(-(2*$Z12/($V12/1000)) * M12) / ($V12/1000)) * $Y12 -> 4.3608164 | AF12: =IF(INT(SQRT(W12)/12)=0, MOD(INT(SQRT(W12)/4),3), INT(SQRT(W12)/12) & "D6" & IF(MOD(INT(SQRT(W12)/4),3)=0, "", "+" & MOD(INT(SQRT(W12)/4),3))) -> 4D6 | AG12: =IF((SQRT($W12)*(7/AA12))>=(SQRT($W12)),"-",IF(INT(SQRT($W12)*(7/AA12)/12)=0, MOD(INT(SQRT($W12)*(7/AA12)/4),3), INT(SQRT($W12)*(7/AA12)/12) & IF(MOD(INT(SQRT($W12)*(7/AA12)/4),3)=0, "", "+" & MOD(INT(SQRT($W12)*(7/AA12)/4),3)))) -> - | AH12: =IF((SQRT($W12)*(7/AB12))>=(SQRT($W12)),"-",IF(INT(SQRT($W12)*(7/AB12)/12)=0, MOD(INT(SQRT($W12)*(7/AB12)/4),3), INT(SQRT($W12)*(7/AB12)/12) & IF(MOD(INT(SQRT($W12)*(7/AB12)/4),3)=0, "", "+" & MOD(INT(SQRT($W12)*(7/AB12)/4),3)))) -> - | AI12: =IF((SQRT($W12)*(7/AC12))>=(SQRT($W12)),"-",IF(INT(SQRT($W12)*(7/AC12)/12)=0, MOD(INT(SQRT($W12)*(7/AC12)/4),3), INT(SQRT($W12)*(7/AC12)/12) & IF(MOD(INT(SQRT($W12)*(7/AC12)/4),3)=0, "", "+" & MOD(INT(SQRT($W12)*(7/AC12)/4),3)))) -> - | AJ12: =IF((SQRT($W12)*(7/AD12))>=(SQRT($W12)),"-",IF(INT(SQRT($W12)*(7/AD12)/12)=0, MOD(INT(SQRT($W12)*(7/AD12)/4),3), INT(SQRT($W12)*(7/AD12)/12) & IF(MOD(INT(SQRT($W12)*(7/AD12)/4),3)=0, "", "+" & MOD(INT(SQRT($W12)*(7/AD12)/4),3)))) -> - | AK12: 1971
A13: Armes à feu\Pistolet Mitrailleur | B13: Auto-Ordonnance Cie - Thompson Mle 1928 | C13: powder_projectiles | D13: powder_projectiles | F13: .45 ACP | G13: 11,43x23 | H13: 4.9 | I13: 10.5 | J13: 8 | K13: 16 | L13: 48 | M13: 96 | N13: 1 | O13: 5 | P13: 50 | Q13: 62 | R13: 10 | S13: =VLOOKUP($F13,Munition!$B:$P,10,FALSE) -> 5 | T13: =VLOOKUP($F13,Munition!$B:$P,11,FALSE) -> 285 | U13: =T13 * POWER(I13/S13,0.25) -> 343.08338 | V13: =VLOOKUP($F13,Munition!$B:$P,5,FALSE) -> 14.84 | W13: =0.5 * (V13/1000) * (U13^2) -> 873.38006 | X13: =VLOOKUP($F13,Munition!$B:$P,15,FALSE) -> 144.62773 | Y13: =VLOOKUP($F13,Munition!$B:$P,9,FALSE) -> 1 | Z13: =VLOOKUP($F13,Munition!$B:$P,14,FALSE) -> 2.8281403e-05 | AA13: =0.0000001 * X13 * (2 * W13 / (V13/1000)) * Y13 -> 1.7023581 | AB13: =0.0000001 * $X13 * (2 * $W13 * EXP(-(2*$Z13/($V13/1000)) * J13) / ($V13/1000)) * $Y13 -> 1.6512331 | AC13: =0.0000001 * $X13 * (2 * $W13 * EXP(-(2*$Z13/($V13/1000)) * K13) / ($V13/1000)) * $Y13 -> 1.6016435 | AD13: =0.0000001 * $X13 * (2 * $W13 * EXP(-(2*$Z13/($V13/1000)) * L13) / ($V13/1000)) * $Y13 -> 1.417737 | AE13: =0.0000001 * $X13 * (2 * $W13 * EXP(-(2*$Z13/($V13/1000)) * M13) / ($V13/1000)) * $Y13 -> 1.1807024 | AF13: =IF(INT(SQRT(W13)/12)=0, MOD(INT(SQRT(W13)/4),3), INT(SQRT(W13)/12) & "D6" & IF(MOD(INT(SQRT(W13)/4),3)=0, "", "+" & MOD(INT(SQRT(W13)/4),3))) -> 2D6+1 | AG13: =IF((SQRT($W13)*(7/AA13))>=(SQRT($W13)),"-",IF(INT(SQRT($W13)*(7/AA13)/12)=0, MOD(INT(SQRT($W13)*(7/AA13)/4),3), INT(SQRT($W13)*(7/AA13)/12) & IF(MOD(INT(SQRT($W13)*(7/AA13)/4),3)=0, "", "+" & MOD(INT(SQRT($W13)*(7/AA13)/4),3)))) -> - | AH13: =IF((SQRT($W13)*(7/AB13))>=(SQRT($W13)),"-",IF(INT(SQRT($W13)*(7/AB13)/12)=0, MOD(INT(SQRT($W13)*(7/AB13)/4),3), INT(SQRT($W13)*(7/AB13)/12) & IF(MOD(INT(SQRT($W13)*(7/AB13)/4),3)=0, "", "+" & MOD(INT(SQRT($W13)*(7/AB13)/4),3)))) -> - | AI13: =IF((SQRT($W13)*(7/AC13))>=(SQRT($W13)),"-",IF(INT(SQRT($W13)*(7/AC13)/12)=0, MOD(INT(SQRT($W13)*(7/AC13)/4),3), INT(SQRT($W13)*(7/AC13)/12) & IF(MOD(INT(SQRT($W13)*(7/AC13)/4),3)=0, "", "+" & MOD(INT(SQRT($W13)*(7/AC13)/4),3)))) -> - | AJ13: =IF((SQRT($W13)*(7/AD13))>=(SQRT($W13)),"-",IF(INT(SQRT($W13)*(7/AD13)/12)=0, MOD(INT(SQRT($W13)*(7/AD13)/4),3), INT(SQRT($W13)*(7/AD13)/12) & IF(MOD(INT(SQRT($W13)*(7/AD13)/4),3)=0, "", "+" & MOD(INT(SQRT($W13)*(7/AD13)/4),3)))) -> - | AK13: 1928
A14: Armes à feu\Fusil Sniper | B14: Barrett - M82A1 Light-Fifty | C14: powder_projectiles | D14: powder_projectiles | F14: .50 BMG | G14: 12,7x99 | H14: 14.1 | I14: 29 | J14: 150 | K14: 300 | L14: 900 | M14: 1800 | N14: 2 | P14: 10 | Q14: SA | R14: 1 | S14: =VLOOKUP($F14,Munition!$B:$P,10,FALSE) -> 30 | T14: =VLOOKUP($F14,Munition!$B:$P,11,FALSE) -> 903 | U14: =T14 * POWER(I14/S14,0.25) -> 895.37907 | V14: =VLOOKUP($F14,Munition!$B:$P,5,FALSE) -> 42 | W14: =0.5 * (V14/1000) * (U14^2) -> 16835.777 | X14: =VLOOKUP($F14,Munition!$B:$P,15,FALSE) -> 331.55224 | Y14: =VLOOKUP($F14,Munition!$B:$P,9,FALSE) -> 1 | Z14: =VLOOKUP($F14,Munition!$B:$P,14,FALSE) -> 2.7156354e-05 | AA14: =0.0000001 * X14 * (2 * W14 / (V14/1000)) * Y14 -> 26.580665 | AB14: =0.0000001 * $X14 * (2 * $W14 * EXP(-(2*$Z14/($V14/1000)) * J14) / ($V14/1000)) * $Y14 -> 21.893945 | AC14: =0.0000001 * $X14 * (2 * $W14 * EXP(-(2*$Z14/($V14/1000)) * K14) / ($V14/1000)) * $Y14 -> 18.03359 | AD14: =0.0000001 * $X14 * (2 * $W14 * EXP(-(2*$Z14/($V14/1000)) * L14) / ($V14/1000)) * $Y14 -> 8.300704 | AE14: =0.0000001 * $X14 * (2 * $W14 * EXP(-(2*$Z14/($V14/1000)) * M14) / ($V14/1000)) * $Y14 -> 2.5921732 | AF14: =IF(INT(SQRT(W14)/12)=0, MOD(INT(SQRT(W14)/4),3), INT(SQRT(W14)/12) & "D6" & IF(MOD(INT(SQRT(W14)/4),3)=0, "", "+" & MOD(INT(SQRT(W14)/4),3))) -> 10D6+2 | AG14: =IF((SQRT($W14)*(7/AA14))>=(SQRT($W14)),"-",IF(INT(SQRT($W14)*(7/AA14)/12)=0, MOD(INT(SQRT($W14)*(7/AA14)/4),3), INT(SQRT($W14)*(7/AA14)/12) & IF(MOD(INT(SQRT($W14)*(7/AA14)/4),3)=0, "", "+" & MOD(INT(SQRT($W14)*(7/AA14)/4),3)))) -> 2+2 | AH14: =IF((SQRT($W14)*(7/AB14))>=(SQRT($W14)),"-",IF(INT(SQRT($W14)*(7/AB14)/12)=0, MOD(INT(SQRT($W14)*(7/AB14)/4),3), INT(SQRT($W14)*(7/AB14)/12) & IF(MOD(INT(SQRT($W14)*(7/AB14)/4),3)=0, "", "+" & MOD(INT(SQRT($W14)*(7/AB14)/4),3)))) -> 3+1 | AI14: =IF((SQRT($W14)*(7/AC14))>=(SQRT($W14)),"-",IF(INT(SQRT($W14)*(7/AC14)/12)=0, MOD(INT(SQRT($W14)*(7/AC14)/4),3), INT(SQRT($W14)*(7/AC14)/12) & IF(MOD(INT(SQRT($W14)*(7/AC14)/4),3)=0, "", "+" & MOD(INT(SQRT($W14)*(7/AC14)/4),3)))) -> 4 | AJ14: =IF((SQRT($W14)*(7/AD14))>=(SQRT($W14)),"-",IF(INT(SQRT($W14)*(7/AD14)/12)=0, MOD(INT(SQRT($W14)*(7/AD14)/4),3), INT(SQRT($W14)*(7/AD14)/12) & IF(MOD(INT(SQRT($W14)*(7/AD14)/4),3)=0, "", "+" & MOD(INT(SQRT($W14)*(7/AD14)/4),3)))) -> 9 | AK14: 1982
A15: Armes à feu\Fusil Sniper | B15: Barrett - M82A2 Light-Fifty | C15: powder_projectiles | D15: powder_projectiles | F15: .50 BMG | G15: 12,7x99 | H15: 12.9 | I15: 29 | J15: 150 | K15: 300 | L15: 900 | M15: 1800 | N15: 2 | P15: 10 | Q15: SA | R15: 1 | S15: =VLOOKUP($F15,Munition!$B:$P,10,FALSE) -> 30 | T15: =VLOOKUP($F15,Munition!$B:$P,11,FALSE) -> 903 | U15: =T15 * POWER(I15/S15,0.25) -> 895.37907 | V15: =VLOOKUP($F15,Munition!$B:$P,5,FALSE) -> 42 | W15: =0.5 * (V15/1000) * (U15^2) -> 16835.777 | X15: =VLOOKUP($F15,Munition!$B:$P,15,FALSE) -> 331.55224 | Y15: =VLOOKUP($F15,Munition!$B:$P,9,FALSE) -> 1 | Z15: =VLOOKUP($F15,Munition!$B:$P,14,FALSE) -> 2.7156354e-05 | AA15: =0.0000001 * X15 * (2 * W15 / (V15/1000)) * Y15 -> 26.580665 | AB15: =0.0000001 * $X15 * (2 * $W15 * EXP(-(2*$Z15/($V15/1000)) * J15) / ($V15/1000)) * $Y15 -> 21.893945 | AC15: =0.0000001 * $X15 * (2 * $W15 * EXP(-(2*$Z15/($V15/1000)) * K15) / ($V15/1000)) * $Y15 -> 18.03359 | AD15: =0.0000001 * $X15 * (2 * $W15 * EXP(-(2*$Z15/($V15/1000)) * L15) / ($V15/1000)) * $Y15 -> 8.300704 | AE15: =0.0000001 * $X15 * (2 * $W15 * EXP(-(2*$Z15/($V15/1000)) * M15) / ($V15/1000)) * $Y15 -> 2.5921732 | AF15: =IF(INT(SQRT(W15)/12)=0, MOD(INT(SQRT(W15)/4),3), INT(SQRT(W15)/12) & "D6" & IF(MOD(INT(SQRT(W15)/4),3)=0, "", "+" & MOD(INT(SQRT(W15)/4),3))) -> 10D6+2 | AG15: =IF((SQRT($W15)*(7/AA15))>=(SQRT($W15)),"-",IF(INT(SQRT($W15)*(7/AA15)/12)=0, MOD(INT(SQRT($W15)*(7/AA15)/4),3), INT(SQRT($W15)*(7/AA15)/12) & IF(MOD(INT(SQRT($W15)*(7/AA15)/4),3)=0, "", "+" & MOD(INT(SQRT($W15)*(7/AA15)/4),3)))) -> 2+2 | AH15: =IF((SQRT($W15)*(7/AB15))>=(SQRT($W15)),"-",IF(INT(SQRT($W15)*(7/AB15)/12)=0, MOD(INT(SQRT($W15)*(7/AB15)/4),3), INT(SQRT($W15)*(7/AB15)/12) & IF(MOD(INT(SQRT($W15)*(7/AB15)/4),3)=0, "", "+" & MOD(INT(SQRT($W15)*(7/AB15)/4),3)))) -> 3+1 | AI15: =IF((SQRT($W15)*(7/AC15))>=(SQRT($W15)),"-",IF(INT(SQRT($W15)*(7/AC15)/12)=0, MOD(INT(SQRT($W15)*(7/AC15)/4),3), INT(SQRT($W15)*(7/AC15)/12) & IF(MOD(INT(SQRT($W15)*(7/AC15)/4),3)=0, "", "+" & MOD(INT(SQRT($W15)*(7/AC15)/4),3)))) -> 4 | AJ15: =IF((SQRT($W15)*(7/AD15))>=(SQRT($W15)),"-",IF(INT(SQRT($W15)*(7/AD15)/12)=0, MOD(INT(SQRT($W15)*(7/AD15)/4),3), INT(SQRT($W15)*(7/AD15)/12) & IF(MOD(INT(SQRT($W15)*(7/AD15)/4),3)=0, "", "+" & MOD(INT(SQRT($W15)*(7/AD15)/4),3)))) -> 9 | AK15: 1987
A16: Armes à feu\Fusil Sniper | B16: Barrett - M95 | C16: powder_projectiles | D16: powder_projectiles | F16: .50 BMG | G16: 12,7x99 | H16: 10 | I16: 29 | J16: 125 | K16: 250 | L16: 750 | M16: 1500 | N16: 2 | P16: 5 | Q16: BA | R16: 1 | S16: =VLOOKUP($F16,Munition!$B:$P,10,FALSE) -> 30 | T16: =VLOOKUP($F16,Munition!$B:$P,11,FALSE) -> 903 | U16: =T16 * POWER(I16/S16,0.25) -> 895.37907 | V16: =VLOOKUP($F16,Munition!$B:$P,5,FALSE) -> 42 | W16: =0.5 * (V16/1000) * (U16^2) -> 16835.777 | X16: =VLOOKUP($F16,Munition!$B:$P,15,FALSE) -> 331.55224 | Y16: =VLOOKUP($F16,Munition!$B:$P,9,FALSE) -> 1 | Z16: =VLOOKUP($F16,Munition!$B:$P,14,FALSE) -> 2.7156354e-05 | AA16: =0.0000001 * X16 * (2 * W16 / (V16/1000)) * Y16 -> 26.580665 | AB16: =0.0000001 * $X16 * (2 * $W16 * EXP(-(2*$Z16/($V16/1000)) * J16) / ($V16/1000)) * $Y16 -> 22.61332 | AC16: =0.0000001 * $X16 * (2 * $W16 * EXP(-(2*$Z16/($V16/1000)) * K16) / ($V16/1000)) * $Y16 -> 19.238128 | AD16: =0.0000001 * $X16 * (2 * $W16 * EXP(-(2*$Z16/($V16/1000)) * L16) / ($V16/1000)) * $Y16 -> 10.077591 | AE16: =0.0000001 * $X16 * (2 * $W16 * EXP(-(2*$Z16/($V16/1000)) * M16) / ($V16/1000)) * $Y16 -> 3.8207414 | AF16: =IF(INT(SQRT(W16)/12)=0, MOD(INT(SQRT(W16)/4),3), INT(SQRT(W16)/12) & "D6" & IF(MOD(INT(SQRT(W16)/4),3)=0, "", "+" & MOD(INT(SQRT(W16)/4),3))) -> 10D6+2 | AG16: =IF((SQRT($W16)*(7/AA16))>=(SQRT($W16)),"-",IF(INT(SQRT($W16)*(7/AA16)/12)=0, MOD(INT(SQRT($W16)*(7/AA16)/4),3), INT(SQRT($W16)*(7/AA16)/12) & IF(MOD(INT(SQRT($W16)*(7/AA16)/4),3)=0, "", "+" & MOD(INT(SQRT($W16)*(7/AA16)/4),3)))) -> 2+2 | AH16: =IF((SQRT($W16)*(7/AB16))>=(SQRT($W16)),"-",IF(INT(SQRT($W16)*(7/AB16)/12)=0, MOD(INT(SQRT($W16)*(7/AB16)/4),3), INT(SQRT($W16)*(7/AB16)/12) & IF(MOD(INT(SQRT($W16)*(7/AB16)/4),3)=0, "", "+" & MOD(INT(SQRT($W16)*(7/AB16)/4),3)))) -> 3+1 | AI16: =IF((SQRT($W16)*(7/AC16))>=(SQRT($W16)),"-",IF(INT(SQRT($W16)*(7/AC16)/12)=0, MOD(INT(SQRT($W16)*(7/AC16)/4),3), INT(SQRT($W16)*(7/AC16)/12) & IF(MOD(INT(SQRT($W16)*(7/AC16)/4),3)=0, "", "+" & MOD(INT(SQRT($W16)*(7/AC16)/4),3)))) -> 3+2 | AJ16: =IF((SQRT($W16)*(7/AD16))>=(SQRT($W16)),"-",IF(INT(SQRT($W16)*(7/AD16)/12)=0, MOD(INT(SQRT($W16)*(7/AD16)/4),3), INT(SQRT($W16)*(7/AD16)/12) & IF(MOD(INT(SQRT($W16)*(7/AD16)/4),3)=0, "", "+" & MOD(INT(SQRT($W16)*(7/AD16)/4),3)))) -> 7+1 | AK16: 1995
A17: Armes à feu\Fusil pompe | B17: Benelli - Benelli Supernova | C17: powder_projectiles | D17: powder_projectiles | F17: Cal. 12 G | G17: 18,5x70 | H17: 3.58 | I17: 20 | J17: 8 | K17: 16 | L17: 48 | M17: 96 | N17: 2 | P17: 5 | Q17: PA | R17: 1 | S17: =VLOOKUP($F17,Munition!$B:$P,10,FALSE) -> 20 | T17: =VLOOKUP($F17,Munition!$B:$P,11,FALSE) -> 408 | U17: =T17 * POWER(I17/S17,0.25) -> 408 | V17: =VLOOKUP($F17,Munition!$B:$P,5,FALSE) -> 38 | W17: =0.5 * (V17/1000) * (U17^2) -> 3162.816 | X17: =VLOOKUP($F17,Munition!$B:$P,15,FALSE) -> 141.36772 | Y17: =VLOOKUP($F17,Munition!$B:$P,9,FALSE) -> 1 | Z17: =VLOOKUP($F17,Munition!$B:$P,14,FALSE) -> 9.8784927e-05 | AA17: =0.0000001 * X17 * (2 * W17 / (V17/1000)) * Y17 -> 2.3532636 | AB17: =0.0000001 * $X17 * (2 * $W17 * EXP(-(2*$Z17/($V17/1000)) * J17) / ($V17/1000)) * $Y17 -> 2.2573905 | AC17: =0.0000001 * $X17 * (2 * $W17 * EXP(-(2*$Z17/($V17/1000)) * K17) / ($V17/1000)) * $Y17 -> 2.1654233 | AD17: =0.0000001 * $X17 * (2 * $W17 * EXP(-(2*$Z17/($V17/1000)) * L17) / ($V17/1000)) * $Y17 -> 1.8335266 | AE17: =0.0000001 * $X17 * (2 * $W17 * EXP(-(2*$Z17/($V17/1000)) * M17) / ($V17/1000)) * $Y17 -> 1.4285777 | AF17: =IF(INT(SQRT(W17)/12)=0, MOD(INT(SQRT(W17)/4),3), INT(SQRT(W17)/12) & "D6" & IF(MOD(INT(SQRT(W17)/4),3)=0, "", "+" & MOD(INT(SQRT(W17)/4),3))) -> 4D6+2 | AG17: =IF((SQRT($W17)*(7/AA17))>=(SQRT($W17)),"-",IF(INT(SQRT($W17)*(7/AA17)/12)=0, MOD(INT(SQRT($W17)*(7/AA17)/4),3), INT(SQRT($W17)*(7/AA17)/12) & IF(MOD(INT(SQRT($W17)*(7/AA17)/4),3)=0, "", "+" & MOD(INT(SQRT($W17)*(7/AA17)/4),3)))) -> - | AH17: =IF((SQRT($W17)*(7/AB17))>=(SQRT($W17)),"-",IF(INT(SQRT($W17)*(7/AB17)/12)=0, MOD(INT(SQRT($W17)*(7/AB17)/4),3), INT(SQRT($W17)*(7/AB17)/12) & IF(MOD(INT(SQRT($W17)*(7/AB17)/4),3)=0, "", "+" & MOD(INT(SQRT($W17)*(7/AB17)/4),3)))) -> - | AI17: =IF((SQRT($W17)*(7/AC17))>=(SQRT($W17)),"-",IF(INT(SQRT($W17)*(7/AC17)/12)=0, MOD(INT(SQRT($W17)*(7/AC17)/4),3), INT(SQRT($W17)*(7/AC17)/12) & IF(MOD(INT(SQRT($W17)*(7/AC17)/4),3)=0, "", "+" & MOD(INT(SQRT($W17)*(7/AC17)/4),3)))) -> - | AJ17: =IF((SQRT($W17)*(7/AD17))>=(SQRT($W17)),"-",IF(INT(SQRT($W17)*(7/AD17)/12)=0, MOD(INT(SQRT($W17)*(7/AD17)/4),3), INT(SQRT($W17)*(7/AD17)/12) & IF(MOD(INT(SQRT($W17)*(7/AD17)/4),3)=0, "", "+" & MOD(INT(SQRT($W17)*(7/AD17)/4),3)))) -> - | AK17: 2006
A18: Armes à feu\Fusil | B18: Benelli - M2 | C18: powder_projectiles | D18: powder_projectiles | F18: Cal. 12 G | G18: 18,5x70 | H18: 3.26 | I18: 20 | J18: 8 | K18: 16 | L18: 48 | M18: 96 | N18: 2 | P18: 7 | Q18: SA | R18: 1 | S18: =VLOOKUP($F18,Munition!$B:$P,10,FALSE) -> 20 | T18: =VLOOKUP($F18,Munition!$B:$P,11,FALSE) -> 408 | U18: =T18 * POWER(I18/S18,0.25) -> 408 | V18: =VLOOKUP($F18,Munition!$B:$P,5,FALSE) -> 38 | W18: =0.5 * (V18/1000) * (U18^2) -> 3162.816 | X18: =VLOOKUP($F18,Munition!$B:$P,15,FALSE) -> 141.36772 | Y18: =VLOOKUP($F18,Munition!$B:$P,9,FALSE) -> 1 | Z18: =VLOOKUP($F18,Munition!$B:$P,14,FALSE) -> 9.8784927e-05 | AA18: =0.0000001 * X18 * (2 * W18 / (V18/1000)) * Y18 -> 2.3532636 | AB18: =0.0000001 * $X18 * (2 * $W18 * EXP(-(2*$Z18/($V18/1000)) * J18) / ($V18/1000)) * $Y18 -> 2.2573905 | AC18: =0.0000001 * $X18 * (2 * $W18 * EXP(-(2*$Z18/($V18/1000)) * K18) / ($V18/1000)) * $Y18 -> 2.1654233 | AD18: =0.0000001 * $X18 * (2 * $W18 * EXP(-(2*$Z18/($V18/1000)) * L18) / ($V18/1000)) * $Y18 -> 1.8335266 | AE18: =0.0000001 * $X18 * (2 * $W18 * EXP(-(2*$Z18/($V18/1000)) * M18) / ($V18/1000)) * $Y18 -> 1.4285777 | AF18: =IF(INT(SQRT(W18)/12)=0, MOD(INT(SQRT(W18)/4),3), INT(SQRT(W18)/12) & "D6" & IF(MOD(INT(SQRT(W18)/4),3)=0, "", "+" & MOD(INT(SQRT(W18)/4),3))) -> 4D6+2 | AG18: =IF((SQRT($W18)*(7/AA18))>=(SQRT($W18)),"-",IF(INT(SQRT($W18)*(7/AA18)/12)=0, MOD(INT(SQRT($W18)*(7/AA18)/4),3), INT(SQRT($W18)*(7/AA18)/12) & IF(MOD(INT(SQRT($W18)*(7/AA18)/4),3)=0, "", "+" & MOD(INT(SQRT($W18)*(7/AA18)/4),3)))) -> - | AH18: =IF((SQRT($W18)*(7/AB18))>=(SQRT($W18)),"-",IF(INT(SQRT($W18)*(7/AB18)/12)=0, MOD(INT(SQRT($W18)*(7/AB18)/4),3), INT(SQRT($W18)*(7/AB18)/12) & IF(MOD(INT(SQRT($W18)*(7/AB18)/4),3)=0, "", "+" & MOD(INT(SQRT($W18)*(7/AB18)/4),3)))) -> - | AI18: =IF((SQRT($W18)*(7/AC18))>=(SQRT($W18)),"-",IF(INT(SQRT($W18)*(7/AC18)/12)=0, MOD(INT(SQRT($W18)*(7/AC18)/4),3), INT(SQRT($W18)*(7/AC18)/12) & IF(MOD(INT(SQRT($W18)*(7/AC18)/4),3)=0, "", "+" & MOD(INT(SQRT($W18)*(7/AC18)/4),3)))) -> - | AJ18: =IF((SQRT($W18)*(7/AD18))>=(SQRT($W18)),"-",IF(INT(SQRT($W18)*(7/AD18)/12)=0, MOD(INT(SQRT($W18)*(7/AD18)/4),3), INT(SQRT($W18)*(7/AD18)/12) & IF(MOD(INT(SQRT($W18)*(7/AD18)/4),3)=0, "", "+" & MOD(INT(SQRT($W18)*(7/AD18)/4),3)))) -> - | AK18: 1993
A19: Armes à feu\Fusil pompe | B19: Benelli - M3 | C19: powder_projectiles | D19: powder_projectiles | F19: Cal. 12 G | G19: 18,5x70 | H19: 3.24 | I19: 19 | J19: 8 | K19: 16 | L19: 48 | M19: 96 | N19: 2 | P19: 8 | Q19: PA/SA | R19: 1 | S19: =VLOOKUP($F19,Munition!$B:$P,10,FALSE) -> 20 | T19: =VLOOKUP($F19,Munition!$B:$P,11,FALSE) -> 408 | U19: =T19 * POWER(I19/S19,0.25) -> 402.80149 | V19: =VLOOKUP($F19,Munition!$B:$P,5,FALSE) -> 38 | W19: =0.5 * (V19/1000) * (U19^2) -> 3082.7317 | X19: =VLOOKUP($F19,Munition!$B:$P,15,FALSE) -> 141.36772 | Y19: =VLOOKUP($F19,Munition!$B:$P,9,FALSE) -> 1 | Z19: =VLOOKUP($F19,Munition!$B:$P,14,FALSE) -> 9.8784927e-05 | AA19: =0.0000001 * X19 * (2 * W19 / (V19/1000)) * Y19 -> 2.2936777 | AB19: =0.0000001 * $X19 * (2 * $W19 * EXP(-(2*$Z19/($V19/1000)) * J19) / ($V19/1000)) * $Y19 -> 2.2002321 | AC19: =0.0000001 * $X19 * (2 * $W19 * EXP(-(2*$Z19/($V19/1000)) * K19) / ($V19/1000)) * $Y19 -> 2.1105935 | AD19: =0.0000001 * $X19 * (2 * $W19 * EXP(-(2*$Z19/($V19/1000)) * L19) / ($V19/1000)) * $Y19 -> 1.7871007 | AE19: =0.0000001 * $X19 * (2 * $W19 * EXP(-(2*$Z19/($V19/1000)) * M19) / ($V19/1000)) * $Y19 -> 1.3924053 | AF19: =IF(INT(SQRT(W19)/12)=0, MOD(INT(SQRT(W19)/4),3), INT(SQRT(W19)/12) & "D6" & IF(MOD(INT(SQRT(W19)/4),3)=0, "", "+" & MOD(INT(SQRT(W19)/4),3))) -> 4D6+1 | AG19: =IF((SQRT($W19)*(7/AA19))>=(SQRT($W19)),"-",IF(INT(SQRT($W19)*(7/AA19)/12)=0, MOD(INT(SQRT($W19)*(7/AA19)/4),3), INT(SQRT($W19)*(7/AA19)/12) & IF(MOD(INT(SQRT($W19)*(7/AA19)/4),3)=0, "", "+" & MOD(INT(SQRT($W19)*(7/AA19)/4),3)))) -> - | AH19: =IF((SQRT($W19)*(7/AB19))>=(SQRT($W19)),"-",IF(INT(SQRT($W19)*(7/AB19)/12)=0, MOD(INT(SQRT($W19)*(7/AB19)/4),3), INT(SQRT($W19)*(7/AB19)/12) & IF(MOD(INT(SQRT($W19)*(7/AB19)/4),3)=0, "", "+" & MOD(INT(SQRT($W19)*(7/AB19)/4),3)))) -> - | AI19: =IF((SQRT($W19)*(7/AC19))>=(SQRT($W19)),"-",IF(INT(SQRT($W19)*(7/AC19)/12)=0, MOD(INT(SQRT($W19)*(7/AC19)/4),3), INT(SQRT($W19)*(7/AC19)/12) & IF(MOD(INT(SQRT($W19)*(7/AC19)/4),3)=0, "", "+" & MOD(INT(SQRT($W19)*(7/AC19)/4),3)))) -> - | AJ19: =IF((SQRT($W19)*(7/AD19))>=(SQRT($W19)),"-",IF(INT(SQRT($W19)*(7/AD19)/12)=0, MOD(INT(SQRT($W19)*(7/AD19)/4),3), INT(SQRT($W19)*(7/AD19)/12) & IF(MOD(INT(SQRT($W19)*(7/AD19)/4),3)=0, "", "+" & MOD(INT(SQRT($W19)*(7/AD19)/4),3)))) -> - | AK19: 1989
A20: Armes à feu\Fusil d'assaut | B20: Beretta - AR 70 | C20: powder_projectiles | D20: powder_projectiles | F20: 5,56 M193 | G20: 5,56x45 | H20: 3.545 | I20: 17.7 | J20: 66 | K20: 132 | L20: 396 | M20: 792 | N20: 2 | O20: 5 | P20: 30 | Q20: 1/55 | R20: 10 | S20: =VLOOKUP($F20,Munition!$B:$P,10,FALSE) -> 20 | T20: =VLOOKUP($F20,Munition!$B:$P,11,FALSE) -> 878 | U20: =T20 * POWER(I20/S20,0.25) -> 851.58957 | V20: =VLOOKUP($F20,Munition!$B:$P,5,FALSE) -> 3.56 | W20: =0.5 * (V20/1000) * (U20^2) -> 1290.8645 | X20: =VLOOKUP($F20,Munition!$B:$P,15,FALSE) -> 146.62585 | Y20: =VLOOKUP($F20,Munition!$B:$P,9,FALSE) -> 1 | Z20: =VLOOKUP($F20,Munition!$B:$P,14,FALSE) -> 3.7177961e-06 | AA20: =0.0000001 * X20 * (2 * W20 / (V20/1000)) * Y20 -> 10.633377 | AB20: =0.0000001 * $X20 * (2 * $W20 * EXP(-(2*$Z20/($V20/1000)) * J20) / ($V20/1000)) * $Y20 -> 9.264102 | AC20: =0.0000001 * $X20 * (2 * $W20 * EXP(-(2*$Z20/($V20/1000)) * K20) / ($V20/1000)) * $Y20 -> 8.0711508 | AD20: =0.0000001 * $X20 * (2 * $W20 * EXP(-(2*$Z20/($V20/1000)) * L20) / ($V20/1000)) * $Y20 -> 4.650118 | AE20: =0.0000001 * $X20 * (2 * $W20 * EXP(-(2*$Z20/($V20/1000)) * M20) / ($V20/1000)) * $Y20 -> 2.0335589 | AF20: =IF(INT(SQRT(W20)/12)=0, MOD(INT(SQRT(W20)/4),3), INT(SQRT(W20)/12) & "D6" & IF(MOD(INT(SQRT(W20)/4),3)=0, "", "+" & MOD(INT(SQRT(W20)/4),3))) -> 2D6+2 | AG20: =IF((SQRT($W20)*(7/AA20))>=(SQRT($W20)),"-",IF(INT(SQRT($W20)*(7/AA20)/12)=0, MOD(INT(SQRT($W20)*(7/AA20)/4),3), INT(SQRT($W20)*(7/AA20)/12) & IF(MOD(INT(SQRT($W20)*(7/AA20)/4),3)=0, "", "+" & MOD(INT(SQRT($W20)*(7/AA20)/4),3)))) -> 1+2 | AH20: =IF((SQRT($W20)*(7/AB20))>=(SQRT($W20)),"-",IF(INT(SQRT($W20)*(7/AB20)/12)=0, MOD(INT(SQRT($W20)*(7/AB20)/4),3), INT(SQRT($W20)*(7/AB20)/12) & IF(MOD(INT(SQRT($W20)*(7/AB20)/4),3)=0, "", "+" & MOD(INT(SQRT($W20)*(7/AB20)/4),3)))) -> 2 | AI20: =IF((SQRT($W20)*(7/AC20))>=(SQRT($W20)),"-",IF(INT(SQRT($W20)*(7/AC20)/12)=0, MOD(INT(SQRT($W20)*(7/AC20)/4),3), INT(SQRT($W20)*(7/AC20)/12) & IF(MOD(INT(SQRT($W20)*(7/AC20)/4),3)=0, "", "+" & MOD(INT(SQRT($W20)*(7/AC20)/4),3)))) -> 2+1 | AJ20: =IF((SQRT($W20)*(7/AD20))>=(SQRT($W20)),"-",IF(INT(SQRT($W20)*(7/AD20)/12)=0, MOD(INT(SQRT($W20)*(7/AD20)/4),3), INT(SQRT($W20)*(7/AD20)/12) & IF(MOD(INT(SQRT($W20)*(7/AD20)/4),3)=0, "", "+" & MOD(INT(SQRT($W20)*(7/AD20)/4),3)))) -> - | AK20: 1972
A21: Armes à feu\Pistolet auto | B21: beretta - Beretta 92FS | C21: powder_projectiles | D21: powder_projectiles | E21: Beretta 92FS | F21: 9 P | G21: 9x19 | H21: 0.975 | I21: 4.9 | J21: 8 | K21: 16 | L21: 48 | M21: 96 | N21: 3 | P21: 15 | Q21: SA | R21: 1 | S21: =VLOOKUP($F21,Munition!$B:$P,10,FALSE) -> 4.5 | T21: =VLOOKUP($F21,Munition!$B:$P,11,FALSE) -> 450 | U21: =T21 * POWER(I21/S21,0.25) -> 459.68296 | V21: =VLOOKUP($F21,Munition!$B:$P,5,FALSE) -> 6.75 | W21: =0.5 * (V21/1000) * (U21^2) -> 713.16593 | X21: =VLOOKUP($F21,Munition!$B:$P,15,FALSE) -> 106.1033 | Y21: =VLOOKUP($F21,Munition!$B:$P,9,FALSE) -> 1 | Z21: =VLOOKUP($F21,Munition!$B:$P,14,FALSE) -> 1.5586227e-05 | AA21: =0.0000001 * X21 * (2 * W21 / (V21/1000)) * Y21 -> 2.242052 | AB21: =0.0000001 * $X21 * (2 * $W21 * EXP(-(2*$Z21/($V21/1000)) * J21) / ($V21/1000)) * $Y21 -> 2.1607306 | AC21: =0.0000001 * $X21 * (2 * $W21 * EXP(-(2*$Z21/($V21/1000)) * K21) / ($V21/1000)) * $Y21 -> 2.0823587 | AD21: =0.0000001 * $X21 * (2 * $W21 * EXP(-(2*$Z21/($V21/1000)) * L21) / ($V21/1000)) * $Y21 -> 1.7962852 | AE21: =0.0000001 * $X21 * (2 * $W21 * EXP(-(2*$Z21/($V21/1000)) * M21) / ($V21/1000)) * $Y21 -> 1.4391461 | AF21: =IF(INT(SQRT(W21)/12)=0, MOD(INT(SQRT(W21)/4),3), INT(SQRT(W21)/12) & "D6" & IF(MOD(INT(SQRT(W21)/4),3)=0, "", "+" & MOD(INT(SQRT(W21)/4),3))) -> 2D6 | AG21: =IF((SQRT($W21)*(7/AA21))>=(SQRT($W21)),"-",IF(INT(SQRT($W21)*(7/AA21)/12)=0, MOD(INT(SQRT($W21)*(7/AA21)/4),3), INT(SQRT($W21)*(7/AA21)/12) & IF(MOD(INT(SQRT($W21)*(7/AA21)/4),3)=0, "", "+" & MOD(INT(SQRT($W21)*(7/AA21)/4),3)))) -> - | AH21: =IF((SQRT($W21)*(7/AB21))>=(SQRT($W21)),"-",IF(INT(SQRT($W21)*(7/AB21)/12)=0, MOD(INT(SQRT($W21)*(7/AB21)/4),3), INT(SQRT($W21)*(7/AB21)/12) & IF(MOD(INT(SQRT($W21)*(7/AB21)/4),3)=0, "", "+" & MOD(INT(SQRT($W21)*(7/AB21)/4),3)))) -> - | AI21: =IF((SQRT($W21)*(7/AC21))>=(SQRT($W21)),"-",IF(INT(SQRT($W21)*(7/AC21)/12)=0, MOD(INT(SQRT($W21)*(7/AC21)/4),3), INT(SQRT($W21)*(7/AC21)/12) & IF(MOD(INT(SQRT($W21)*(7/AC21)/4),3)=0, "", "+" & MOD(INT(SQRT($W21)*(7/AC21)/4),3)))) -> - | AJ21: =IF((SQRT($W21)*(7/AD21))>=(SQRT($W21)),"-",IF(INT(SQRT($W21)*(7/AD21)/12)=0, MOD(INT(SQRT($W21)*(7/AD21)/4),3), INT(SQRT($W21)*(7/AD21)/12) & IF(MOD(INT(SQRT($W21)*(7/AD21)/4),3)=0, "", "+" & MOD(INT(SQRT($W21)*(7/AD21)/4),3)))) -> - | AK21: 1976
A22: Armes à feu\Pistolet Mitrailleur | B22: Beretta - Beretta 93 R | C22: powder_projectiles | D22: powder_projectiles | E22: Beretta 93R | F22: 9 P | G22: 9x19 | H22: 1.17 | I22: 4.9 | J22: 5 | K22: 10 | L22: 30 | M22: 60 | N22: 2 | O22: 3 | P22: 20 | Q22: 1/3 | R22: 3 | S22: =VLOOKUP($F22,Munition!$B:$P,10,FALSE) -> 4.5 | T22: =VLOOKUP($F22,Munition!$B:$P,11,FALSE) -> 450 | U22: =T22 * POWER(I22/S22,0.25) -> 459.68296 | V22: =VLOOKUP($F22,Munition!$B:$P,5,FALSE) -> 6.75 | W22: =0.5 * (V22/1000) * (U22^2) -> 713.16593 | X22: =VLOOKUP($F22,Munition!$B:$P,15,FALSE) -> 106.1033 | Y22: =VLOOKUP($F22,Munition!$B:$P,9,FALSE) -> 1 | Z22: =VLOOKUP($F22,Munition!$B:$P,14,FALSE) -> 1.5586227e-05 | AA22: =0.0000001 * X22 * (2 * W22 / (V22/1000)) * Y22 -> 2.242052 | AB22: =0.0000001 * $X22 * (2 * $W22 * EXP(-(2*$Z22/($V22/1000)) * J22) / ($V22/1000)) * $Y22 -> 2.1908746 | AC22: =0.0000001 * $X22 * (2 * $W22 * EXP(-(2*$Z22/($V22/1000)) * K22) / ($V22/1000)) * $Y22 -> 2.1408653 | AD22: =0.0000001 * $X22 * (2 * $W22 * EXP(-(2*$Z22/($V22/1000)) * L22) / ($V22/1000)) * $Y22 -> 1.9519859 | AE22: =0.0000001 * $X22 * (2 * $W22 * EXP(-(2*$Z22/($V22/1000)) * M22) / ($V22/1000)) * $Y22 -> 1.6994473 | AF22: =IF(INT(SQRT(W22)/12)=0, MOD(INT(SQRT(W22)/4),3), INT(SQRT(W22)/12) & "D6" & IF(MOD(INT(SQRT(W22)/4),3)=0, "", "+" & MOD(INT(SQRT(W22)/4),3))) -> 2D6 | AG22: =IF((SQRT($W22)*(7/AA22))>=(SQRT($W22)),"-",IF(INT(SQRT($W22)*(7/AA22)/12)=0, MOD(INT(SQRT($W22)*(7/AA22)/4),3), INT(SQRT($W22)*(7/AA22)/12) & IF(MOD(INT(SQRT($W22)*(7/AA22)/4),3)=0, "", "+" & MOD(INT(SQRT($W22)*(7/AA22)/4),3)))) -> - | AH22: =IF((SQRT($W22)*(7/AB22))>=(SQRT($W22)),"-",IF(INT(SQRT($W22)*(7/AB22)/12)=0, MOD(INT(SQRT($W22)*(7/AB22)/4),3), INT(SQRT($W22)*(7/AB22)/12) & IF(MOD(INT(SQRT($W22)*(7/AB22)/4),3)=0, "", "+" & MOD(INT(SQRT($W22)*(7/AB22)/4),3)))) -> - | AI22: =IF((SQRT($W22)*(7/AC22))>=(SQRT($W22)),"-",IF(INT(SQRT($W22)*(7/AC22)/12)=0, MOD(INT(SQRT($W22)*(7/AC22)/4),3), INT(SQRT($W22)*(7/AC22)/12) & IF(MOD(INT(SQRT($W22)*(7/AC22)/4),3)=0, "", "+" & MOD(INT(SQRT($W22)*(7/AC22)/4),3)))) -> - | AJ22: =IF((SQRT($W22)*(7/AD22))>=(SQRT($W22)),"-",IF(INT(SQRT($W22)*(7/AD22)/12)=0, MOD(INT(SQRT($W22)*(7/AD22)/4),3), INT(SQRT($W22)*(7/AD22)/12) & IF(MOD(INT(SQRT($W22)*(7/AD22)/4),3)=0, "", "+" & MOD(INT(SQRT($W22)*(7/AD22)/4),3)))) -> - | AK22: 1979
A23: Armes à feu\Pistolet Mitrailleur | B23: Beretta - Beretta 93 R stock | C23: powder_projectiles | D23: powder_projectiles | F23: 9 P | G23: 9x19 | H23: 1.43 | I23: 4.9 | J23: 8 | K23: 16 | L23: 48 | M23: 96 | N23: 2 | O23: 3 | P23: 20 | Q23: 1/3 | R23: 3 | S23: =VLOOKUP($F23,Munition!$B:$P,10,FALSE) -> 4.5 | T23: =VLOOKUP($F23,Munition!$B:$P,11,FALSE) -> 450 | U23: =T23 * POWER(I23/S23,0.25) -> 459.68296 | V23: =VLOOKUP($F23,Munition!$B:$P,5,FALSE) -> 6.75 | W23: =0.5 * (V23/1000) * (U23^2) -> 713.16593 | X23: =VLOOKUP($F23,Munition!$B:$P,15,FALSE) -> 106.1033 | Y23: =VLOOKUP($F23,Munition!$B:$P,9,FALSE) -> 1 | Z23: =VLOOKUP($F23,Munition!$B:$P,14,FALSE) -> 1.5586227e-05 | AA23: =0.0000001 * X23 * (2 * W23 / (V23/1000)) * Y23 -> 2.242052 | AB23: =0.0000001 * $X23 * (2 * $W23 * EXP(-(2*$Z23/($V23/1000)) * J23) / ($V23/1000)) * $Y23 -> 2.1607306 | AC23: =0.0000001 * $X23 * (2 * $W23 * EXP(-(2*$Z23/($V23/1000)) * K23) / ($V23/1000)) * $Y23 -> 2.0823587 | AD23: =0.0000001 * $X23 * (2 * $W23 * EXP(-(2*$Z23/($V23/1000)) * L23) / ($V23/1000)) * $Y23 -> 1.7962852 | AE23: =0.0000001 * $X23 * (2 * $W23 * EXP(-(2*$Z23/($V23/1000)) * M23) / ($V23/1000)) * $Y23 -> 1.4391461 | AF23: =IF(INT(SQRT(W23)/12)=0, MOD(INT(SQRT(W23)/4),3), INT(SQRT(W23)/12) & "D6" & IF(MOD(INT(SQRT(W23)/4),3)=0, "", "+" & MOD(INT(SQRT(W23)/4),3))) -> 2D6 | AG23: =IF((SQRT($W23)*(7/AA23))>=(SQRT($W23)),"-",IF(INT(SQRT($W23)*(7/AA23)/12)=0, MOD(INT(SQRT($W23)*(7/AA23)/4),3), INT(SQRT($W23)*(7/AA23)/12) & IF(MOD(INT(SQRT($W23)*(7/AA23)/4),3)=0, "", "+" & MOD(INT(SQRT($W23)*(7/AA23)/4),3)))) -> - | AH23: =IF((SQRT($W23)*(7/AB23))>=(SQRT($W23)),"-",IF(INT(SQRT($W23)*(7/AB23)/12)=0, MOD(INT(SQRT($W23)*(7/AB23)/4),3), INT(SQRT($W23)*(7/AB23)/12) & IF(MOD(INT(SQRT($W23)*(7/AB23)/4),3)=0, "", "+" & MOD(INT(SQRT($W23)*(7/AB23)/4),3)))) -> - | AI23: =IF((SQRT($W23)*(7/AC23))>=(SQRT($W23)),"-",IF(INT(SQRT($W23)*(7/AC23)/12)=0, MOD(INT(SQRT($W23)*(7/AC23)/4),3), INT(SQRT($W23)*(7/AC23)/12) & IF(MOD(INT(SQRT($W23)*(7/AC23)/4),3)=0, "", "+" & MOD(INT(SQRT($W23)*(7/AC23)/4),3)))) -> - | AJ23: =IF((SQRT($W23)*(7/AD23))>=(SQRT($W23)),"-",IF(INT(SQRT($W23)*(7/AD23)/12)=0, MOD(INT(SQRT($W23)*(7/AD23)/4),3), INT(SQRT($W23)*(7/AD23)/12) & IF(MOD(INT(SQRT($W23)*(7/AD23)/4),3)=0, "", "+" & MOD(INT(SQRT($W23)*(7/AD23)/4),3)))) -> - | AK23: 1979
A24: Armes à feu\Pistolet auto | B24: beretta - Beretta 96 CP | C24: powder_projectiles | D24: powder_projectiles | F24: .40 S&W | G24: 10,17x29 | H24: 1.135 | I24: 4.9 | J24: 8 | K24: 16 | L24: 48 | M24: 96 | N24: 2 | P24: 11 | Q24: SA | R24: 1 | S24: =VLOOKUP($F24,Munition!$B:$P,10,FALSE) -> 4.2 | T24: =VLOOKUP($F24,Munition!$B:$P,11,FALSE) -> 340 | U24: =T24 * POWER(I24/S24,0.25) -> 353.35856 | V24: =VLOOKUP($F24,Munition!$B:$P,5,FALSE) -> 11.7 | W24: =0.5 * (V24/1000) * (U24^2) -> 730.44428 | X24: =VLOOKUP($F24,Munition!$B:$P,15,FALSE) -> 148.96903 | Y24: =VLOOKUP($F24,Munition!$B:$P,9,FALSE) -> 1 | Z24: =VLOOKUP($F24,Munition!$B:$P,14,FALSE) -> 1.9242255e-05 | AA24: =0.0000001 * X24 * (2 * W24 / (V24/1000)) * Y24 -> 1.8600611 | AB24: =0.0000001 * $X24 * (2 * $W24 * EXP(-(2*$Z24/($V24/1000)) * J24) / ($V24/1000)) * $Y24 -> 1.8117535 | AC24: =0.0000001 * $X24 * (2 * $W24 * EXP(-(2*$Z24/($V24/1000)) * K24) / ($V24/1000)) * $Y24 -> 1.7647004 | AD24: =0.0000001 * $X24 * (2 * $W24 * EXP(-(2*$Z24/($V24/1000)) * L24) / ($V24/1000)) * $Y24 -> 1.5883951 | AE24: =0.0000001 * $X24 * (2 * $W24 * EXP(-(2*$Z24/($V24/1000)) * M24) / ($V24/1000)) * $Y24 -> 1.3564066 | AF24: =IF(INT(SQRT(W24)/12)=0, MOD(INT(SQRT(W24)/4),3), INT(SQRT(W24)/12) & "D6" & IF(MOD(INT(SQRT(W24)/4),3)=0, "", "+" & MOD(INT(SQRT(W24)/4),3))) -> 2D6 | AG24: =IF((SQRT($W24)*(7/AA24))>=(SQRT($W24)),"-",IF(INT(SQRT($W24)*(7/AA24)/12)=0, MOD(INT(SQRT($W24)*(7/AA24)/4),3), INT(SQRT($W24)*(7/AA24)/12) & IF(MOD(INT(SQRT($W24)*(7/AA24)/4),3)=0, "", "+" & MOD(INT(SQRT($W24)*(7/AA24)/4),3)))) -> - | AH24: =IF((SQRT($W24)*(7/AB24))>=(SQRT($W24)),"-",IF(INT(SQRT($W24)*(7/AB24)/12)=0, MOD(INT(SQRT($W24)*(7/AB24)/4),3), INT(SQRT($W24)*(7/AB24)/12) & IF(MOD(INT(SQRT($W24)*(7/AB24)/4),3)=0, "", "+" & MOD(INT(SQRT($W24)*(7/AB24)/4),3)))) -> - | AI24: =IF((SQRT($W24)*(7/AC24))>=(SQRT($W24)),"-",IF(INT(SQRT($W24)*(7/AC24)/12)=0, MOD(INT(SQRT($W24)*(7/AC24)/4),3), INT(SQRT($W24)*(7/AC24)/12) & IF(MOD(INT(SQRT($W24)*(7/AC24)/4),3)=0, "", "+" & MOD(INT(SQRT($W24)*(7/AC24)/4),3)))) -> - | AJ24: =IF((SQRT($W24)*(7/AD24))>=(SQRT($W24)),"-",IF(INT(SQRT($W24)*(7/AD24)/12)=0, MOD(INT(SQRT($W24)*(7/AD24)/4),3), INT(SQRT($W24)*(7/AD24)/12) & IF(MOD(INT(SQRT($W24)*(7/AD24)/4),3)=0, "", "+" & MOD(INT(SQRT($W24)*(7/AD24)/4),3)))) -> - | AK24: 1992
A25: Armes à feu\Fusil d'assaut | B25: Beretta - Beretta ARX-100 | C25: powder_projectiles | D25: powder_projectiles | F25: 5,56 M193 | G25: 5,56x45 | H25: 3.08 | I25: 16 | J25: 50 | K25: 100 | L25: 300 | M25: 600 | N25: 2 | O25: 3 | P25: 30 | Q25: 1/3/50 | R25: 3 | S25: =VLOOKUP($F25,Munition!$B:$P,10,FALSE) -> 20 | T25: =VLOOKUP($F25,Munition!$B:$P,11,FALSE) -> 878 | U25: =T25 * POWER(I25/S25,0.25) -> 830.36113 | V25: =VLOOKUP($F25,Munition!$B:$P,5,FALSE) -> 3.56 | W25: =0.5 * (V25/1000) * (U25^2) -> 1227.3093 | X25: =VLOOKUP($F25,Munition!$B:$P,15,FALSE) -> 146.62585 | Y25: =VLOOKUP($F25,Munition!$B:$P,9,FALSE) -> 1 | Z25: =VLOOKUP($F25,Munition!$B:$P,14,FALSE) -> 3.7177961e-06 | AA25: =0.0000001 * X25 * (2 * W25 / (V25/1000)) * Y25 -> 10.109846 | AB25: =0.0000001 * $X25 * (2 * $W25 * EXP(-(2*$Z25/($V25/1000)) * J25) / ($V25/1000)) * $Y25 -> 9.1073098 | AC25: =0.0000001 * $X25 * (2 * $W25 * EXP(-(2*$Z25/($V25/1000)) * K25) / ($V25/1000)) * $Y25 -> 8.2041891 | AD25: =0.0000001 * $X25 * (2 * $W25 * EXP(-(2*$Z25/($V25/1000)) * L25) / ($V25/1000)) * $Y25 -> 5.4027874 | AE25: =0.0000001 * $X25 * (2 * $W25 * EXP(-(2*$Z25/($V25/1000)) * M25) / ($V25/1000)) * $Y25 -> 2.8872952 | AF25: =IF(INT(SQRT(W25)/12)=0, MOD(INT(SQRT(W25)/4),3), INT(SQRT(W25)/12) & "D6" & IF(MOD(INT(SQRT(W25)/4),3)=0, "", "+" & MOD(INT(SQRT(W25)/4),3))) -> 2D6+2 | AG25: =IF((SQRT($W25)*(7/AA25))>=(SQRT($W25)),"-",IF(INT(SQRT($W25)*(7/AA25)/12)=0, MOD(INT(SQRT($W25)*(7/AA25)/4),3), INT(SQRT($W25)*(7/AA25)/12) & IF(MOD(INT(SQRT($W25)*(7/AA25)/4),3)=0, "", "+" & MOD(INT(SQRT($W25)*(7/AA25)/4),3)))) -> 2 | AH25: =IF((SQRT($W25)*(7/AB25))>=(SQRT($W25)),"-",IF(INT(SQRT($W25)*(7/AB25)/12)=0, MOD(INT(SQRT($W25)*(7/AB25)/4),3), INT(SQRT($W25)*(7/AB25)/12) & IF(MOD(INT(SQRT($W25)*(7/AB25)/4),3)=0, "", "+" & MOD(INT(SQRT($W25)*(7/AB25)/4),3)))) -> 2 | AI25: =IF((SQRT($W25)*(7/AC25))>=(SQRT($W25)),"-",IF(INT(SQRT($W25)*(7/AC25)/12)=0, MOD(INT(SQRT($W25)*(7/AC25)/4),3), INT(SQRT($W25)*(7/AC25)/12) & IF(MOD(INT(SQRT($W25)*(7/AC25)/4),3)=0, "", "+" & MOD(INT(SQRT($W25)*(7/AC25)/4),3)))) -> 2+1 | AJ25: =IF((SQRT($W25)*(7/AD25))>=(SQRT($W25)),"-",IF(INT(SQRT($W25)*(7/AD25)/12)=0, MOD(INT(SQRT($W25)*(7/AD25)/4),3), INT(SQRT($W25)*(7/AD25)/12) & IF(MOD(INT(SQRT($W25)*(7/AD25)/4),3)=0, "", "+" & MOD(INT(SQRT($W25)*(7/AD25)/4),3)))) -> - | AK25: 2012
A26: Armes à feu\Mitrailleuse | B26: Beretta - Beretta AS 70/90 | C26: powder_projectiles | D26: powder_projectiles | F26: 5,56 M193 | G26: 5,56x45 | H26: 5.34 | I26: 17.7 | J26: 50 | K26: 100 | L26: 300 | M26: 600 | N26: 1 | O26: 5 | P26: 30 | Q26: 1/55 | R26: 10 | S26: =VLOOKUP($F26,Munition!$B:$P,10,FALSE) -> 20 | T26: =VLOOKUP($F26,Munition!$B:$P,11,FALSE) -> 878 | U26: =T26 * POWER(I26/S26,0.25) -> 851.58957 | V26: =VLOOKUP($F26,Munition!$B:$P,5,FALSE) -> 3.56 | W26: =0.5 * (V26/1000) * (U26^2) -> 1290.8645 | X26: =VLOOKUP($F26,Munition!$B:$P,15,FALSE) -> 146.62585 | Y26: =VLOOKUP($F26,Munition!$B:$P,9,FALSE) -> 1 | Z26: =VLOOKUP($F26,Munition!$B:$P,14,FALSE) -> 3.7177961e-06 | AA26: =0.0000001 * X26 * (2 * W26 / (V26/1000)) * Y26 -> 10.633377 | AB26: =0.0000001 * $X26 * (2 * $W26 * EXP(-(2*$Z26/($V26/1000)) * J26) / ($V26/1000)) * $Y26 -> 9.5789246 | AC26: =0.0000001 * $X26 * (2 * $W26 * EXP(-(2*$Z26/($V26/1000)) * K26) / ($V26/1000)) * $Y26 -> 8.6290365 | AD26: =0.0000001 * $X26 * (2 * $W26 * EXP(-(2*$Z26/($V26/1000)) * L26) / ($V26/1000)) * $Y26 -> 5.6825664 | AE26: =0.0000001 * $X26 * (2 * $W26 * EXP(-(2*$Z26/($V26/1000)) * M26) / ($V26/1000)) * $Y26 -> 3.0368115 | AF26: =IF(INT(SQRT(W26)/12)=0, MOD(INT(SQRT(W26)/4),3), INT(SQRT(W26)/12) & "D6" & IF(MOD(INT(SQRT(W26)/4),3)=0, "", "+" & MOD(INT(SQRT(W26)/4),3))) -> 2D6+2 | AG26: =IF((SQRT($W26)*(7/AA26))>=(SQRT($W26)),"-",IF(INT(SQRT($W26)*(7/AA26)/12)=0, MOD(INT(SQRT($W26)*(7/AA26)/4),3), INT(SQRT($W26)*(7/AA26)/12) & IF(MOD(INT(SQRT($W26)*(7/AA26)/4),3)=0, "", "+" & MOD(INT(SQRT($W26)*(7/AA26)/4),3)))) -> 1+2 | AH26: =IF((SQRT($W26)*(7/AB26))>=(SQRT($W26)),"-",IF(INT(SQRT($W26)*(7/AB26)/12)=0, MOD(INT(SQRT($W26)*(7/AB26)/4),3), INT(SQRT($W26)*(7/AB26)/12) & IF(MOD(INT(SQRT($W26)*(7/AB26)/4),3)=0, "", "+" & MOD(INT(SQRT($W26)*(7/AB26)/4),3)))) -> 2 | AI26: =IF((SQRT($W26)*(7/AC26))>=(SQRT($W26)),"-",IF(INT(SQRT($W26)*(7/AC26)/12)=0, MOD(INT(SQRT($W26)*(7/AC26)/4),3), INT(SQRT($W26)*(7/AC26)/12) & IF(MOD(INT(SQRT($W26)*(7/AC26)/4),3)=0, "", "+" & MOD(INT(SQRT($W26)*(7/AC26)/4),3)))) -> 2+1 | AJ26: =IF((SQRT($W26)*(7/AD26))>=(SQRT($W26)),"-",IF(INT(SQRT($W26)*(7/AD26)/12)=0, MOD(INT(SQRT($W26)*(7/AD26)/4),3), INT(SQRT($W26)*(7/AD26)/12) & IF(MOD(INT(SQRT($W26)*(7/AD26)/4),3)=0, "", "+" & MOD(INT(SQRT($W26)*(7/AD26)/4),3)))) -> - | AK26: 1990
A27: Armes à feu\Fusil d'assaut | B27: Beretta - Beretta BM59 | C27: powder_projectiles | D27: powder_projectiles | F27: 7,62 N | G27: 7,62x51 | H27: 4.6 | I27: 19.3 | J27: 50 | K27: 100 | L27: 300 | M27: 600 | N27: 2 | O27: 3 | P27: 20 | Q27: 1/3/50 | R27: 3 | S27: =VLOOKUP($F27,Munition!$B:$P,10,FALSE) -> 22 | T27: =VLOOKUP($F27,Munition!$B:$P,11,FALSE) -> 832 | U27: =T27 * POWER(I27/S27,0.25) -> 805.20596 | V27: =VLOOKUP($F27,Munition!$B:$P,5,FALSE) -> 9.45 | W27: =0.5 * (V27/1000) * (U27^2) -> 3063.4852 | X27: =VLOOKUP($F27,Munition!$B:$P,15,FALSE) -> 207.22015 | Y27: =VLOOKUP($F27,Munition!$B:$P,9,FALSE) -> 1 | Z27: =VLOOKUP($F27,Munition!$B:$P,14,FALSE) -> 6.9830624e-06 | AA27: =0.0000001 * X27 * (2 * W27 / (V27/1000)) * Y27 -> 13.435256 | AB27: =0.0000001 * $X27 * (2 * $W27 * EXP(-(2*$Z27/($V27/1000)) * J27) / ($V27/1000)) * $Y27 -> 12.478254 | AC27: =0.0000001 * $X27 * (2 * $W27 * EXP(-(2*$Z27/($V27/1000)) * K27) / ($V27/1000)) * $Y27 -> 11.58942 | AD27: =0.0000001 * $X27 * (2 * $W27 * EXP(-(2*$Z27/($V27/1000)) * L27) / ($V27/1000)) * $Y27 -> 8.6236917 | AE27: =0.0000001 * $X27 * (2 * $W27 * EXP(-(2*$Z27/($V27/1000)) * M27) / ($V27/1000)) * $Y27 -> 5.5352914 | AF27: =IF(INT(SQRT(W27)/12)=0, MOD(INT(SQRT(W27)/4),3), INT(SQRT(W27)/12) & "D6" & IF(MOD(INT(SQRT(W27)/4),3)=0, "", "+" & MOD(INT(SQRT(W27)/4),3))) -> 4D6+1 | AG27: =IF((SQRT($W27)*(7/AA27))>=(SQRT($W27)),"-",IF(INT(SQRT($W27)*(7/AA27)/12)=0, MOD(INT(SQRT($W27)*(7/AA27)/4),3), INT(SQRT($W27)*(7/AA27)/12) & IF(MOD(INT(SQRT($W27)*(7/AA27)/4),3)=0, "", "+" & MOD(INT(SQRT($W27)*(7/AA27)/4),3)))) -> 2+1 | AH27: =IF((SQRT($W27)*(7/AB27))>=(SQRT($W27)),"-",IF(INT(SQRT($W27)*(7/AB27)/12)=0, MOD(INT(SQRT($W27)*(7/AB27)/4),3), INT(SQRT($W27)*(7/AB27)/12) & IF(MOD(INT(SQRT($W27)*(7/AB27)/4),3)=0, "", "+" & MOD(INT(SQRT($W27)*(7/AB27)/4),3)))) -> 2+1 | AI27: =IF((SQRT($W27)*(7/AC27))>=(SQRT($W27)),"-",IF(INT(SQRT($W27)*(7/AC27)/12)=0, MOD(INT(SQRT($W27)*(7/AC27)/4),3), INT(SQRT($W27)*(7/AC27)/12) & IF(MOD(INT(SQRT($W27)*(7/AC27)/4),3)=0, "", "+" & MOD(INT(SQRT($W27)*(7/AC27)/4),3)))) -> 2+2 | AJ27: =IF((SQRT($W27)*(7/AD27))>=(SQRT($W27)),"-",IF(INT(SQRT($W27)*(7/AD27)/12)=0, MOD(INT(SQRT($W27)*(7/AD27)/4),3), INT(SQRT($W27)*(7/AD27)/12) & IF(MOD(INT(SQRT($W27)*(7/AD27)/4),3)=0, "", "+" & MOD(INT(SQRT($W27)*(7/AD27)/4),3)))) -> 3+2 | AK27: 1961
A28: Armes à feu\Pistolet Mitrailleur | B28: beretta - Beretta CX-4 Storm | C28: powder_projectiles | D28: powder_projectiles | E28: Beretta CX-4 | F28: 9 P | G28: 9x19 | H28: 2.57 | I28: 16.6 | J28: 16 | K28: 32 | L28: 96 | M28: 192 | N28: 1 | P28: 20 | Q28: SA | R28: 1 | S28: =VLOOKUP($F28,Munition!$B:$P,10,FALSE) -> 4.5 | T28: =VLOOKUP($F28,Munition!$B:$P,11,FALSE) -> 450 | U28: =T28 * POWER(I28/S28,0.25) -> 623.64351 | V28: =VLOOKUP($F28,Munition!$B:$P,5,FALSE) -> 6.75 | W28: =0.5 * (V28/1000) * (U28^2) -> 1312.6429 | X28: =VLOOKUP($F28,Munition!$B:$P,15,FALSE) -> 106.1033 | Y28: =VLOOKUP($F28,Munition!$B:$P,9,FALSE) -> 1 | Z28: =VLOOKUP($F28,Munition!$B:$P,14,FALSE) -> 1.5586227e-05 | AA28: =0.0000001 * X28 * (2 * W28 / (V28/1000)) * Y28 -> 4.1266885 | AB28: =0.0000001 * $X28 * (2 * $W28 * EXP(-(2*$Z28/($V28/1000)) * J28) / ($V28/1000)) * $Y28 -> 3.8327594 | AC28: =0.0000001 * $X28 * (2 * $W28 * EXP(-(2*$Z28/($V28/1000)) * K28) / ($V28/1000)) * $Y28 -> 3.5597658 | AD28: =0.0000001 * $X28 * (2 * $W28 * EXP(-(2*$Z28/($V28/1000)) * L28) / ($V28/1000)) * $Y28 -> 2.6488715 | AE28: =0.0000001 * $X28 * (2 * $W28 * EXP(-(2*$Z28/($V28/1000)) * M28) / ($V28/1000)) * $Y28 -> 1.7002787 | AF28: =IF(INT(SQRT(W28)/12)=0, MOD(INT(SQRT(W28)/4),3), INT(SQRT(W28)/12) & "D6" & IF(MOD(INT(SQRT(W28)/4),3)=0, "", "+" & MOD(INT(SQRT(W28)/4),3))) -> 3D6 | AG28: =IF((SQRT($W28)*(7/AA28))>=(SQRT($W28)),"-",IF(INT(SQRT($W28)*(7/AA28)/12)=0, MOD(INT(SQRT($W28)*(7/AA28)/4),3), INT(SQRT($W28)*(7/AA28)/12) & IF(MOD(INT(SQRT($W28)*(7/AA28)/4),3)=0, "", "+" & MOD(INT(SQRT($W28)*(7/AA28)/4),3)))) -> - | AH28: =IF((SQRT($W28)*(7/AB28))>=(SQRT($W28)),"-",IF(INT(SQRT($W28)*(7/AB28)/12)=0, MOD(INT(SQRT($W28)*(7/AB28)/4),3), INT(SQRT($W28)*(7/AB28)/12) & IF(MOD(INT(SQRT($W28)*(7/AB28)/4),3)=0, "", "+" & MOD(INT(SQRT($W28)*(7/AB28)/4),3)))) -> - | AI28: =IF((SQRT($W28)*(7/AC28))>=(SQRT($W28)),"-",IF(INT(SQRT($W28)*(7/AC28)/12)=0, MOD(INT(SQRT($W28)*(7/AC28)/4),3), INT(SQRT($W28)*(7/AC28)/12) & IF(MOD(INT(SQRT($W28)*(7/AC28)/4),3)=0, "", "+" & MOD(INT(SQRT($W28)*(7/AC28)/4),3)))) -> - | AJ28: =IF((SQRT($W28)*(7/AD28))>=(SQRT($W28)),"-",IF(INT(SQRT($W28)*(7/AD28)/12)=0, MOD(INT(SQRT($W28)*(7/AD28)/4),3), INT(SQRT($W28)*(7/AD28)/12) & IF(MOD(INT(SQRT($W28)*(7/AD28)/4),3)=0, "", "+" & MOD(INT(SQRT($W28)*(7/AD28)/4),3)))) -> - | AK28: 2003
A29: Armes à feu\Pistolet Mitrailleur | B29: Beretta - Beretta M12 | C29: powder_projectiles | D29: powder_projectiles | E29: Beretta M12 | F29: 9 P | G29: 9x19 | H29: 3.24 | I29: 7.9 | J29: 15 | K29: 30 | L29: 90 | M29: 180 | N29: 1 | O29: 3 | P29: 32 | Q29: 1/45 | R29: 9 | S29: =VLOOKUP($F29,Munition!$B:$P,10,FALSE) -> 4.5 | T29: =VLOOKUP($F29,Munition!$B:$P,11,FALSE) -> 450 | U29: =T29 * POWER(I29/S29,0.25) -> 517.98378 | V29: =VLOOKUP($F29,Munition!$B:$P,5,FALSE) -> 6.75 | W29: =0.5 * (V29/1000) * (U29^2) -> 905.53678 | X29: =VLOOKUP($F29,Munition!$B:$P,15,FALSE) -> 106.1033 | Y29: =VLOOKUP($F29,Munition!$B:$P,9,FALSE) -> 1 | Z29: =VLOOKUP($F29,Munition!$B:$P,14,FALSE) -> 1.5586227e-05 | AA29: =0.0000001 * X29 * (2 * W29 / (V29/1000)) * Y29 -> 2.8468277 | AB29: =0.0000001 * $X29 * (2 * $W29 * EXP(-(2*$Z29/($V29/1000)) * J29) / ($V29/1000)) * $Y29 -> 2.6562974 | AC29: =0.0000001 * $X29 * (2 * $W29 * EXP(-(2*$Z29/($V29/1000)) * K29) / ($V29/1000)) * $Y29 -> 2.4785187 | AD29: =0.0000001 * $X29 * (2 * $W29 * EXP(-(2*$Z29/($V29/1000)) * L29) / ($V29/1000)) * $Y29 -> 1.878686 | AE29: =0.0000001 * $X29 * (2 * $W29 * EXP(-(2*$Z29/($V29/1000)) * M29) / ($V29/1000)) * $Y29 -> 1.2397874 | AF29: =IF(INT(SQRT(W29)/12)=0, MOD(INT(SQRT(W29)/4),3), INT(SQRT(W29)/12) & "D6" & IF(MOD(INT(SQRT(W29)/4),3)=0, "", "+" & MOD(INT(SQRT(W29)/4),3))) -> 2D6+1 | AG29: =IF((SQRT($W29)*(7/AA29))>=(SQRT($W29)),"-",IF(INT(SQRT($W29)*(7/AA29)/12)=0, MOD(INT(SQRT($W29)*(7/AA29)/4),3), INT(SQRT($W29)*(7/AA29)/12) & IF(MOD(INT(SQRT($W29)*(7/AA29)/4),3)=0, "", "+" & MOD(INT(SQRT($W29)*(7/AA29)/4),3)))) -> - | AH29: =IF((SQRT($W29)*(7/AB29))>=(SQRT($W29)),"-",IF(INT(SQRT($W29)*(7/AB29)/12)=0, MOD(INT(SQRT($W29)*(7/AB29)/4),3), INT(SQRT($W29)*(7/AB29)/12) & IF(MOD(INT(SQRT($W29)*(7/AB29)/4),3)=0, "", "+" & MOD(INT(SQRT($W29)*(7/AB29)/4),3)))) -> - | AI29: =IF((SQRT($W29)*(7/AC29))>=(SQRT($W29)),"-",IF(INT(SQRT($W29)*(7/AC29)/12)=0, MOD(INT(SQRT($W29)*(7/AC29)/4),3), INT(SQRT($W29)*(7/AC29)/12) & IF(MOD(INT(SQRT($W29)*(7/AC29)/4),3)=0, "", "+" & MOD(INT(SQRT($W29)*(7/AC29)/4),3)))) -> - | AJ29: =IF((SQRT($W29)*(7/AD29))>=(SQRT($W29)),"-",IF(INT(SQRT($W29)*(7/AD29)/12)=0, MOD(INT(SQRT($W29)*(7/AD29)/4),3), INT(SQRT($W29)*(7/AD29)/12) & IF(MOD(INT(SQRT($W29)*(7/AD29)/4),3)=0, "", "+" & MOD(INT(SQRT($W29)*(7/AD29)/4),3)))) -> - | AK29: 1959
A30: Armes à feu\Pistolet Mitrailleur | B30: Beretta - Beretta M1918 | C30: powder_projectiles | D30: powder_projectiles | F30: 9 P | G30: 9x19 | H30: 3.3 | I30: 12 | J30: 8 | K30: 16 | L30: 48 | M30: 96 | N30: 1 | O30: 3 | P30: 25 | Q30: 1/50 | R30: 10 | S30: =VLOOKUP($F30,Munition!$B:$P,10,FALSE) -> 4.5 | T30: =VLOOKUP($F30,Munition!$B:$P,11,FALSE) -> 450 | U30: =T30 * POWER(I30/S30,0.25) -> 575.04879 | V30: =VLOOKUP($F30,Munition!$B:$P,5,FALSE) -> 6.75 | W30: =0.5 * (V30/1000) * (U30^2) -> 1116.0488 | X30: =VLOOKUP($F30,Munition!$B:$P,15,FALSE) -> 106.1033 | Y30: =VLOOKUP($F30,Munition!$B:$P,9,FALSE) -> 1 | Z30: =VLOOKUP($F30,Munition!$B:$P,14,FALSE) -> 1.5586227e-05 | AA30: =0.0000001 * X30 * (2 * W30 / (V30/1000)) * Y30 -> 3.5086356 | AB30: =0.0000001 * $X30 * (2 * $W30 * EXP(-(2*$Z30/($V30/1000)) * J30) / ($V30/1000)) * $Y30 -> 3.3813739 | AC30: =0.0000001 * $X30 * (2 * $W30 * EXP(-(2*$Z30/($V30/1000)) * K30) / ($V30/1000)) * $Y30 -> 3.2587282 | AD30: =0.0000001 * $X30 * (2 * $W30 * EXP(-(2*$Z30/($V30/1000)) * L30) / ($V30/1000)) * $Y30 -> 2.8110455 | AE30: =0.0000001 * $X30 * (2 * $W30 * EXP(-(2*$Z30/($V30/1000)) * M30) / ($V30/1000)) * $Y30 -> 2.2521508 | AF30: =IF(INT(SQRT(W30)/12)=0, MOD(INT(SQRT(W30)/4),3), INT(SQRT(W30)/12) & "D6" & IF(MOD(INT(SQRT(W30)/4),3)=0, "", "+" & MOD(INT(SQRT(W30)/4),3))) -> 2D6+2 | AG30: =IF((SQRT($W30)*(7/AA30))>=(SQRT($W30)),"-",IF(INT(SQRT($W30)*(7/AA30)/12)=0, MOD(INT(SQRT($W30)*(7/AA30)/4),3), INT(SQRT($W30)*(7/AA30)/12) & IF(MOD(INT(SQRT($W30)*(7/AA30)/4),3)=0, "", "+" & MOD(INT(SQRT($W30)*(7/AA30)/4),3)))) -> - | AH30: =IF((SQRT($W30)*(7/AB30))>=(SQRT($W30)),"-",IF(INT(SQRT($W30)*(7/AB30)/12)=0, MOD(INT(SQRT($W30)*(7/AB30)/4),3), INT(SQRT($W30)*(7/AB30)/12) & IF(MOD(INT(SQRT($W30)*(7/AB30)/4),3)=0, "", "+" & MOD(INT(SQRT($W30)*(7/AB30)/4),3)))) -> - | AI30: =IF((SQRT($W30)*(7/AC30))>=(SQRT($W30)),"-",IF(INT(SQRT($W30)*(7/AC30)/12)=0, MOD(INT(SQRT($W30)*(7/AC30)/4),3), INT(SQRT($W30)*(7/AC30)/12) & IF(MOD(INT(SQRT($W30)*(7/AC30)/4),3)=0, "", "+" & MOD(INT(SQRT($W30)*(7/AC30)/4),3)))) -> - | AJ30: =IF((SQRT($W30)*(7/AD30))>=(SQRT($W30)),"-",IF(INT(SQRT($W30)*(7/AD30)/12)=0, MOD(INT(SQRT($W30)*(7/AD30)/4),3), INT(SQRT($W30)*(7/AD30)/12) & IF(MOD(INT(SQRT($W30)*(7/AD30)/4),3)=0, "", "+" & MOD(INT(SQRT($W30)*(7/AD30)/4),3)))) -> - | AK30: 1918
A31: Armes à feu\Pistolet auto | B31: Beretta - Beretta M34 | C31: powder_projectiles | D31: powder_projectiles | F31: .380 ACP | G31: 9x17 | H31: 0.668 | I31: 3.4 | J31: 5 | K31: 10 | L31: 30 | M31: 60 | N31: 3 | P31: 8 | Q31: SA | R31: 1 | S31: =VLOOKUP($F31,Munition!$B:$P,10,FALSE) -> 3.7 | T31: =VLOOKUP($F31,Munition!$B:$P,11,FALSE) -> 297 | U31: =T31 * POWER(I31/S31,0.25) -> 290.78751 | V31: =VLOOKUP($F31,Munition!$B:$P,5,FALSE) -> 5.68 | W31: =0.5 * (V31/1000) * (U31^2) -> 240.14295 | X31: =VLOOKUP($F31,Munition!$B:$P,15,FALSE) -> 89.283958 | Y31: =VLOOKUP($F31,Munition!$B:$P,9,FALSE) -> 1 | Z31: =VLOOKUP($F31,Munition!$B:$P,14,FALSE) -> 1.5586227e-05 | AA31: =0.0000001 * X31 * (2 * W31 / (V31/1000)) * Y31 -> 0.75496172 | AB31: =0.0000001 * $X31 * (2 * $W31 * EXP(-(2*$Z31/($V31/1000)) * J31) / ($V31/1000)) * $Y31 -> 0.73452682 | AC31: =0.0000001 * $X31 * (2 * $W31 * EXP(-(2*$Z31/($V31/1000)) * K31) / ($V31/1000)) * $Y31 -> 0.71464503 | AD31: =0.0000001 * $X31 * (2 * $W31 * EXP(-(2*$Z31/($V31/1000)) * L31) / ($V31/1000)) * $Y31 -> 0.6403557 | AE31: =0.0000001 * $X31 * (2 * $W31 * EXP(-(2*$Z31/($V31/1000)) * M31) / ($V31/1000)) * $Y31 -> 0.54314731 | AF31: =IF(INT(SQRT(W31)/12)=0, MOD(INT(SQRT(W31)/4),3), INT(SQRT(W31)/12) & "D6" & IF(MOD(INT(SQRT(W31)/4),3)=0, "", "+" & MOD(INT(SQRT(W31)/4),3))) -> 1D6 | AG31: =IF((SQRT($W31)*(7/AA31))>=(SQRT($W31)),"-",IF(INT(SQRT($W31)*(7/AA31)/12)=0, MOD(INT(SQRT($W31)*(7/AA31)/4),3), INT(SQRT($W31)*(7/AA31)/12) & IF(MOD(INT(SQRT($W31)*(7/AA31)/4),3)=0, "", "+" & MOD(INT(SQRT($W31)*(7/AA31)/4),3)))) -> - | AH31: =IF((SQRT($W31)*(7/AB31))>=(SQRT($W31)),"-",IF(INT(SQRT($W31)*(7/AB31)/12)=0, MOD(INT(SQRT($W31)*(7/AB31)/4),3), INT(SQRT($W31)*(7/AB31)/12) & IF(MOD(INT(SQRT($W31)*(7/AB31)/4),3)=0, "", "+" & MOD(INT(SQRT($W31)*(7/AB31)/4),3)))) -> - | AI31: =IF((SQRT($W31)*(7/AC31))>=(SQRT($W31)),"-",IF(INT(SQRT($W31)*(7/AC31)/12)=0, MOD(INT(SQRT($W31)*(7/AC31)/4),3), INT(SQRT($W31)*(7/AC31)/12) & IF(MOD(INT(SQRT($W31)*(7/AC31)/4),3)=0, "", "+" & MOD(INT(SQRT($W31)*(7/AC31)/4),3)))) -> - | AJ31: =IF((SQRT($W31)*(7/AD31))>=(SQRT($W31)),"-",IF(INT(SQRT($W31)*(7/AD31)/12)=0, MOD(INT(SQRT($W31)*(7/AD31)/4),3), INT(SQRT($W31)*(7/AD31)/12) & IF(MOD(INT(SQRT($W31)*(7/AD31)/4),3)=0, "", "+" & MOD(INT(SQRT($W31)*(7/AD31)/4),3)))) -> - | AK31: 1934
A32: Armes à feu\Pistolet auto | B32: Beretta - Beretta Model 1951 | C32: powder_projectiles | D32: powder_projectiles | F32: 9 P | G32: 9x19 | H32: 0.87 | I32: 4.5 | J32: 8 | K32: 16 | L32: 48 | M32: 96 | N32: 3 | P32: 8 | Q32: SA | R32: 1 | S32: =VLOOKUP($F32,Munition!$B:$P,10,FALSE) -> 4.5 | T32: =VLOOKUP($F32,Munition!$B:$P,11,FALSE) -> 450 | U32: =T32 * POWER(I32/S32,0.25) -> 450 | V32: =VLOOKUP($F32,Munition!$B:$P,5,FALSE) -> 6.75 | W32: =0.5 * (V32/1000) * (U32^2) -> 683.4375 | X32: =VLOOKUP($F32,Munition!$B:$P,15,FALSE) -> 106.1033 | Y32: =VLOOKUP($F32,Munition!$B:$P,9,FALSE) -> 1 | Z32: =VLOOKUP($F32,Munition!$B:$P,14,FALSE) -> 1.5586227e-05 | AA32: =0.0000001 * X32 * (2 * W32 / (V32/1000)) * Y32 -> 2.1485917 | AB32: =0.0000001 * $X32 * (2 * $W32 * EXP(-(2*$Z32/($V32/1000)) * J32) / ($V32/1000)) * $Y32 -> 2.0706602 | AC32: =0.0000001 * $X32 * (2 * $W32 * EXP(-(2*$Z32/($V32/1000)) * K32) / ($V32/1000)) * $Y32 -> 1.9955553 | AD32: =0.0000001 * $X32 * (2 * $W32 * EXP(-(2*$Z32/($V32/1000)) * L32) / ($V32/1000)) * $Y32 -> 1.7214068 | AE32: =0.0000001 * $X32 * (2 * $W32 * EXP(-(2*$Z32/($V32/1000)) * M32) / ($V32/1000)) * $Y32 -> 1.3791551 | AF32: =IF(INT(SQRT(W32)/12)=0, MOD(INT(SQRT(W32)/4),3), INT(SQRT(W32)/12) & "D6" & IF(MOD(INT(SQRT(W32)/4),3)=0, "", "+" & MOD(INT(SQRT(W32)/4),3))) -> 2D6 | AG32: =IF((SQRT($W32)*(7/AA32))>=(SQRT($W32)),"-",IF(INT(SQRT($W32)*(7/AA32)/12)=0, MOD(INT(SQRT($W32)*(7/AA32)/4),3), INT(SQRT($W32)*(7/AA32)/12) & IF(MOD(INT(SQRT($W32)*(7/AA32)/4),3)=0, "", "+" & MOD(INT(SQRT($W32)*(7/AA32)/4),3)))) -> - | AH32: =IF((SQRT($W32)*(7/AB32))>=(SQRT($W32)),"-",IF(INT(SQRT($W32)*(7/AB32)/12)=0, MOD(INT(SQRT($W32)*(7/AB32)/4),3), INT(SQRT($W32)*(7/AB32)/12) & IF(MOD(INT(SQRT($W32)*(7/AB32)/4),3)=0, "", "+" & MOD(INT(SQRT($W32)*(7/AB32)/4),3)))) -> - | AI32: =IF((SQRT($W32)*(7/AC32))>=(SQRT($W32)),"-",IF(INT(SQRT($W32)*(7/AC32)/12)=0, MOD(INT(SQRT($W32)*(7/AC32)/4),3), INT(SQRT($W32)*(7/AC32)/12) & IF(MOD(INT(SQRT($W32)*(7/AC32)/4),3)=0, "", "+" & MOD(INT(SQRT($W32)*(7/AC32)/4),3)))) -> - | AJ32: =IF((SQRT($W32)*(7/AD32))>=(SQRT($W32)),"-",IF(INT(SQRT($W32)*(7/AD32)/12)=0, MOD(INT(SQRT($W32)*(7/AD32)/4),3), INT(SQRT($W32)*(7/AD32)/12) & IF(MOD(INT(SQRT($W32)*(7/AD32)/4),3)=0, "", "+" & MOD(INT(SQRT($W32)*(7/AD32)/4),3)))) -> - | AK32: 1951
A33: Armes à feu\Pistolet auto | B33: Beretta - Beretta Model 70S | C33: powder_projectiles | D33: powder_projectiles | F33: .380 ACP | G33: 9x17 | H33: 0.675 | I33: 3.5 | J33: 6 | K33: 12 | L33: 36 | M33: 72 | N33: 3 | P33: 7 | Q33: SA | R33: 1 | S33: =VLOOKUP($F33,Munition!$B:$P,10,FALSE) -> 3.7 | T33: =VLOOKUP($F33,Munition!$B:$P,11,FALSE) -> 297 | U33: =T33 * POWER(I33/S33,0.25) -> 292.90247 | V33: =VLOOKUP($F33,Munition!$B:$P,5,FALSE) -> 5.68 | W33: =0.5 * (V33/1000) * (U33^2) -> 243.64887 | X33: =VLOOKUP($F33,Munition!$B:$P,15,FALSE) -> 89.283958 | Y33: =VLOOKUP($F33,Munition!$B:$P,9,FALSE) -> 1 | Z33: =VLOOKUP($F33,Munition!$B:$P,14,FALSE) -> 1.5586227e-05 | AA33: =0.0000001 * X33 * (2 * W33 / (V33/1000)) * Y33 -> 0.76598364 | AB33: =0.0000001 * $X33 * (2 * $W33 * EXP(-(2*$Z33/($V33/1000)) * J33) / ($V33/1000)) * $Y33 -> 0.74117159 | AC33: =0.0000001 * $X33 * (2 * $W33 * EXP(-(2*$Z33/($V33/1000)) * K33) / ($V33/1000)) * $Y33 -> 0.71716326 | AD33: =0.0000001 * $X33 * (2 * $W33 * EXP(-(2*$Z33/($V33/1000)) * L33) / ($V33/1000)) * $Y33 -> 0.62865897 | AE33: =0.0000001 * $X33 * (2 * $W33 * EXP(-(2*$Z33/($V33/1000)) * M33) / ($V33/1000)) * $Y33 -> 0.5159537 | AF33: =IF(INT(SQRT(W33)/12)=0, MOD(INT(SQRT(W33)/4),3), INT(SQRT(W33)/12) & "D6" & IF(MOD(INT(SQRT(W33)/4),3)=0, "", "+" & MOD(INT(SQRT(W33)/4),3))) -> 1D6 | AG33: =IF((SQRT($W33)*(7/AA33))>=(SQRT($W33)),"-",IF(INT(SQRT($W33)*(7/AA33)/12)=0, MOD(INT(SQRT($W33)*(7/AA33)/4),3), INT(SQRT($W33)*(7/AA33)/12) & IF(MOD(INT(SQRT($W33)*(7/AA33)/4),3)=0, "", "+" & MOD(INT(SQRT($W33)*(7/AA33)/4),3)))) -> - | AH33: =IF((SQRT($W33)*(7/AB33))>=(SQRT($W33)),"-",IF(INT(SQRT($W33)*(7/AB33)/12)=0, MOD(INT(SQRT($W33)*(7/AB33)/4),3), INT(SQRT($W33)*(7/AB33)/12) & IF(MOD(INT(SQRT($W33)*(7/AB33)/4),3)=0, "", "+" & MOD(INT(SQRT($W33)*(7/AB33)/4),3)))) -> - | AI33: =IF((SQRT($W33)*(7/AC33))>=(SQRT($W33)),"-",IF(INT(SQRT($W33)*(7/AC33)/12)=0, MOD(INT(SQRT($W33)*(7/AC33)/4),3), INT(SQRT($W33)*(7/AC33)/12) & IF(MOD(INT(SQRT($W33)*(7/AC33)/4),3)=0, "", "+" & MOD(INT(SQRT($W33)*(7/AC33)/4),3)))) -> - | AJ33: =IF((SQRT($W33)*(7/AD33))>=(SQRT($W33)),"-",IF(INT(SQRT($W33)*(7/AD33)/12)=0, MOD(INT(SQRT($W33)*(7/AD33)/4),3), INT(SQRT($W33)*(7/AD33)/12) & IF(MOD(INT(SQRT($W33)*(7/AD33)/4),3)=0, "", "+" & MOD(INT(SQRT($W33)*(7/AD33)/4),3)))) -> - | AK33: 1959
A34: Armes à feu\Pistolet auto | B34: Beretta - Beretta Model 84 | C34: powder_projectiles | D34: powder_projectiles | F34: .380 ACP | G34: 9x17 | H34: 0.66 | I34: 3.8 | J34: 6 | K34: 12 | L34: 36 | M34: 72 | N34: 3 | P34: 13 | Q34: SA | R34: 1 | S34: =VLOOKUP($F34,Munition!$B:$P,10,FALSE) -> 3.7 | T34: =VLOOKUP($F34,Munition!$B:$P,11,FALSE) -> 297 | U34: =T34 * POWER(I34/S34,0.25) -> 298.98673 | V34: =VLOOKUP($F34,Munition!$B:$P,5,FALSE) -> 5.68 | W34: =0.5 * (V34/1000) * (U34^2) -> 253.87631 | X34: =VLOOKUP($F34,Munition!$B:$P,15,FALSE) -> 89.283958 | Y34: =VLOOKUP($F34,Munition!$B:$P,9,FALSE) -> 1 | Z34: =VLOOKUP($F34,Munition!$B:$P,14,FALSE) -> 1.5586227e-05 | AA34: =0.0000001 * X34 * (2 * W34 / (V34/1000)) * Y34 -> 0.79813668 | AB34: =0.0000001 * $X34 * (2 * $W34 * EXP(-(2*$Z34/($V34/1000)) * J34) / ($V34/1000)) * $Y34 -> 0.77228312 | AC34: =0.0000001 * $X34 * (2 * $W34 * EXP(-(2*$Z34/($V34/1000)) * K34) / ($V34/1000)) * $Y34 -> 0.74726701 | AD34: =0.0000001 * $X34 * (2 * $W34 * EXP(-(2*$Z34/($V34/1000)) * L34) / ($V34/1000)) * $Y34 -> 0.65504765 | AE34: =0.0000001 * $X34 * (2 * $W34 * EXP(-(2*$Z34/($V34/1000)) * M34) / ($V34/1000)) * $Y34 -> 0.53761145 | AF34: =IF(INT(SQRT(W34)/12)=0, MOD(INT(SQRT(W34)/4),3), INT(SQRT(W34)/12) & "D6" & IF(MOD(INT(SQRT(W34)/4),3)=0, "", "+" & MOD(INT(SQRT(W34)/4),3))) -> 1D6 | AG34: =IF((SQRT($W34)*(7/AA34))>=(SQRT($W34)),"-",IF(INT(SQRT($W34)*(7/AA34)/12)=0, MOD(INT(SQRT($W34)*(7/AA34)/4),3), INT(SQRT($W34)*(7/AA34)/12) & IF(MOD(INT(SQRT($W34)*(7/AA34)/4),3)=0, "", "+" & MOD(INT(SQRT($W34)*(7/AA34)/4),3)))) -> - | AH34: =IF((SQRT($W34)*(7/AB34))>=(SQRT($W34)),"-",IF(INT(SQRT($W34)*(7/AB34)/12)=0, MOD(INT(SQRT($W34)*(7/AB34)/4),3), INT(SQRT($W34)*(7/AB34)/12) & IF(MOD(INT(SQRT($W34)*(7/AB34)/4),3)=0, "", "+" & MOD(INT(SQRT($W34)*(7/AB34)/4),3)))) -> - | AI34: =IF((SQRT($W34)*(7/AC34))>=(SQRT($W34)),"-",IF(INT(SQRT($W34)*(7/AC34)/12)=0, MOD(INT(SQRT($W34)*(7/AC34)/4),3), INT(SQRT($W34)*(7/AC34)/12) & IF(MOD(INT(SQRT($W34)*(7/AC34)/4),3)=0, "", "+" & MOD(INT(SQRT($W34)*(7/AC34)/4),3)))) -> - | AJ34: =IF((SQRT($W34)*(7/AD34))>=(SQRT($W34)),"-",IF(INT(SQRT($W34)*(7/AD34)/12)=0, MOD(INT(SQRT($W34)*(7/AD34)/4),3), INT(SQRT($W34)*(7/AD34)/12) & IF(MOD(INT(SQRT($W34)*(7/AD34)/4),3)=0, "", "+" & MOD(INT(SQRT($W34)*(7/AD34)/4),3)))) -> - | AK34: 1976
A35: Armes à feu\Pistolet Mitrailleur | B35: Beretta - Beretta Model12S | C35: powder_projectiles | D35: powder_projectiles | F35: 9 P | G35: 9x19 | H35: 3.4 | I35: 7.9 | J35: 8 | K35: 16 | L35: 48 | M35: 96 | N35: 1 | O35: 5 | P35: 32 | Q35: 1/50 | R35: 10 | S35: =VLOOKUP($F35,Munition!$B:$P,10,FALSE) -> 4.5 | T35: =VLOOKUP($F35,Munition!$B:$P,11,FALSE) -> 450 | U35: =T35 * POWER(I35/S35,0.25) -> 517.98378 | V35: =VLOOKUP($F35,Munition!$B:$P,5,FALSE) -> 6.75 | W35: =0.5 * (V35/1000) * (U35^2) -> 905.53678 | X35: =VLOOKUP($F35,Munition!$B:$P,15,FALSE) -> 106.1033 | Y35: =VLOOKUP($F35,Munition!$B:$P,9,FALSE) -> 1 | Z35: =VLOOKUP($F35,Munition!$B:$P,14,FALSE) -> 1.5586227e-05 | AA35: =0.0000001 * X35 * (2 * W35 / (V35/1000)) * Y35 -> 2.8468277 | AB35: =0.0000001 * $X35 * (2 * $W35 * EXP(-(2*$Z35/($V35/1000)) * J35) / ($V35/1000)) * $Y35 -> 2.7435705 | AC35: =0.0000001 * $X35 * (2 * $W35 * EXP(-(2*$Z35/($V35/1000)) * K35) / ($V35/1000)) * $Y35 -> 2.6440585 | AD35: =0.0000001 * $X35 * (2 * $W35 * EXP(-(2*$Z35/($V35/1000)) * L35) / ($V35/1000)) * $Y35 -> 2.2808188 | AE35: =0.0000001 * $X35 * (2 * $W35 * EXP(-(2*$Z35/($V35/1000)) * M35) / ($V35/1000)) * $Y35 -> 1.8273444 | AF35: =IF(INT(SQRT(W35)/12)=0, MOD(INT(SQRT(W35)/4),3), INT(SQRT(W35)/12) & "D6" & IF(MOD(INT(SQRT(W35)/4),3)=0, "", "+" & MOD(INT(SQRT(W35)/4),3))) -> 2D6+1 | AG35: =IF((SQRT($W35)*(7/AA35))>=(SQRT($W35)),"-",IF(INT(SQRT($W35)*(7/AA35)/12)=0, MOD(INT(SQRT($W35)*(7/AA35)/4),3), INT(SQRT($W35)*(7/AA35)/12) & IF(MOD(INT(SQRT($W35)*(7/AA35)/4),3)=0, "", "+" & MOD(INT(SQRT($W35)*(7/AA35)/4),3)))) -> - | AH35: =IF((SQRT($W35)*(7/AB35))>=(SQRT($W35)),"-",IF(INT(SQRT($W35)*(7/AB35)/12)=0, MOD(INT(SQRT($W35)*(7/AB35)/4),3), INT(SQRT($W35)*(7/AB35)/12) & IF(MOD(INT(SQRT($W35)*(7/AB35)/4),3)=0, "", "+" & MOD(INT(SQRT($W35)*(7/AB35)/4),3)))) -> - | AI35: =IF((SQRT($W35)*(7/AC35))>=(SQRT($W35)),"-",IF(INT(SQRT($W35)*(7/AC35)/12)=0, MOD(INT(SQRT($W35)*(7/AC35)/4),3), INT(SQRT($W35)*(7/AC35)/12) & IF(MOD(INT(SQRT($W35)*(7/AC35)/4),3)=0, "", "+" & MOD(INT(SQRT($W35)*(7/AC35)/4),3)))) -> - | AJ35: =IF((SQRT($W35)*(7/AD35))>=(SQRT($W35)),"-",IF(INT(SQRT($W35)*(7/AD35)/12)=0, MOD(INT(SQRT($W35)*(7/AD35)/4),3), INT(SQRT($W35)*(7/AD35)/12) & IF(MOD(INT(SQRT($W35)*(7/AD35)/4),3)=0, "", "+" & MOD(INT(SQRT($W35)*(7/AD35)/4),3)))) -> - | AK35: 1978
A36: Armes à feu\Pistolet Mitrailleur | B36: Bergmann - MP35 | C36: powder_projectiles | D36: powder_projectiles | F36: 9 P | G36: 9x19 | H36: 4.24 | I36: 12.5 | J36: 12 | K36: 24 | L36: 72 | M36: 144 | O36: 5 | P36: 32 | Q36: 10 | R36: 10 | S36: =VLOOKUP($F36,Munition!$B:$P,10,FALSE) -> 4.5 | T36: =VLOOKUP($F36,Munition!$B:$P,11,FALSE) -> 450 | U36: =T36 * POWER(I36/S36,0.25) -> 580.9475 | V36: =VLOOKUP($F36,Munition!$B:$P,5,FALSE) -> 6.75 | W36: =0.5 * (V36/1000) * (U36^2) -> 1139.0625 | X36: =VLOOKUP($F36,Munition!$B:$P,15,FALSE) -> 106.1033 | Y36: =VLOOKUP($F36,Munition!$B:$P,9,FALSE) -> 1 | Z36: =VLOOKUP($F36,Munition!$B:$P,14,FALSE) -> 1.5586227e-05 | AA36: =0.0000001 * X36 * (2 * W36 / (V36/1000)) * Y36 -> 3.5809862 | AB36: =0.0000001 * $X36 * (2 * $W36 * EXP(-(2*$Z36/($V36/1000)) * J36) / ($V36/1000)) * $Y36 -> 3.3879349 | AC36: =0.0000001 * $X36 * (2 * $W36 * EXP(-(2*$Z36/($V36/1000)) * K36) / ($V36/1000)) * $Y36 -> 3.2052909 | AD36: =0.0000001 * $X36 * (2 * $W36 * EXP(-(2*$Z36/($V36/1000)) * L36) / ($V36/1000)) * $Y36 -> 2.568012 | AE36: =0.0000001 * $X36 * (2 * $W36 * EXP(-(2*$Z36/($V36/1000)) * M36) / ($V36/1000)) * $Y36 -> 1.8415837 | AF36: =IF(INT(SQRT(W36)/12)=0, MOD(INT(SQRT(W36)/4),3), INT(SQRT(W36)/12) & "D6" & IF(MOD(INT(SQRT(W36)/4),3)=0, "", "+" & MOD(INT(SQRT(W36)/4),3))) -> 2D6+2 | AG36: =IF((SQRT($W36)*(7/AA36))>=(SQRT($W36)),"-",IF(INT(SQRT($W36)*(7/AA36)/12)=0, MOD(INT(SQRT($W36)*(7/AA36)/4),3), INT(SQRT($W36)*(7/AA36)/12) & IF(MOD(INT(SQRT($W36)*(7/AA36)/4),3)=0, "", "+" & MOD(INT(SQRT($W36)*(7/AA36)/4),3)))) -> - | AH36: =IF((SQRT($W36)*(7/AB36))>=(SQRT($W36)),"-",IF(INT(SQRT($W36)*(7/AB36)/12)=0, MOD(INT(SQRT($W36)*(7/AB36)/4),3), INT(SQRT($W36)*(7/AB36)/12) & IF(MOD(INT(SQRT($W36)*(7/AB36)/4),3)=0, "", "+" & MOD(INT(SQRT($W36)*(7/AB36)/4),3)))) -> - | AI36: =IF((SQRT($W36)*(7/AC36))>=(SQRT($W36)),"-",IF(INT(SQRT($W36)*(7/AC36)/12)=0, MOD(INT(SQRT($W36)*(7/AC36)/4),3), INT(SQRT($W36)*(7/AC36)/12) & IF(MOD(INT(SQRT($W36)*(7/AC36)/4),3)=0, "", "+" & MOD(INT(SQRT($W36)*(7/AC36)/4),3)))) -> - | AJ36: =IF((SQRT($W36)*(7/AD36))>=(SQRT($W36)),"-",IF(INT(SQRT($W36)*(7/AD36)/12)=0, MOD(INT(SQRT($W36)*(7/AD36)/4),3), INT(SQRT($W36)*(7/AD36)/12) & IF(MOD(INT(SQRT($W36)*(7/AD36)/4),3)=0, "", "+" & MOD(INT(SQRT($W36)*(7/AD36)/4),3)))) -> - | AK36: 1935
A37: Armes à feu\Mitrailleuse | B37: Browning - .50 M2HB | C37: powder_projectiles | D37: powder_projectiles | F37: .50 BMG | G37: 12,7x99 | H37: 38.1 | I37: 45 | J37: 250 | K37: 500 | L37: 1500 | M37: 3000 | N37: 1 | O37: 3 | P37: 50 | Q37: 1/5/40 | R37: 5 | S37: =VLOOKUP($F37,Munition!$B:$P,10,FALSE) -> 30 | T37: =VLOOKUP($F37,Munition!$B:$P,11,FALSE) -> 903 | U37: =T37 * POWER(I37/S37,0.25) -> 999.33377 | V37: =VLOOKUP($F37,Munition!$B:$P,5,FALSE) -> 42 | W37: =0.5 * (V37/1000) * (U37^2) -> 20972.028 | X37: =VLOOKUP($F37,Munition!$B:$P,15,FALSE) -> 331.55224 | Y37: =VLOOKUP($F37,Munition!$B:$P,9,FALSE) -> 1 | Z37: =VLOOKUP($F37,Munition!$B:$P,14,FALSE) -> 2.7156354e-05 | AA37: =0.0000001 * X37 * (2 * W37 / (V37/1000)) * Y37 -> 33.111061 | AB37: =0.0000001 * $X37 * (2 * $W37 * EXP(-(2*$Z37/($V37/1000)) * J37) / ($V37/1000)) * $Y37 -> 23.964593 | AC37: =0.0000001 * $X37 * (2 * $W37 * EXP(-(2*$Z37/($V37/1000)) * K37) / ($V37/1000)) * $Y37 -> 17.34471 | AD37: =0.0000001 * $X37 * (2 * $W37 * EXP(-(2*$Z37/($V37/1000)) * L37) / ($V37/1000)) * $Y37 -> 4.7594296 | AE37: =0.0000001 * $X37 * (2 * $W37 * EXP(-(2*$Z37/($V37/1000)) * M37) / ($V37/1000)) * $Y37 -> 0.68412698 | AF37: =IF(INT(SQRT(W37)/12)=0, MOD(INT(SQRT(W37)/4),3), INT(SQRT(W37)/12) & "D6" & IF(MOD(INT(SQRT(W37)/4),3)=0, "", "+" & MOD(INT(SQRT(W37)/4),3))) -> 12D6 | AG37: =IF((SQRT($W37)*(7/AA37))>=(SQRT($W37)),"-",IF(INT(SQRT($W37)*(7/AA37)/12)=0, MOD(INT(SQRT($W37)*(7/AA37)/4),3), INT(SQRT($W37)*(7/AA37)/12) & IF(MOD(INT(SQRT($W37)*(7/AA37)/4),3)=0, "", "+" & MOD(INT(SQRT($W37)*(7/AA37)/4),3)))) -> 2+1 | AH37: =IF((SQRT($W37)*(7/AB37))>=(SQRT($W37)),"-",IF(INT(SQRT($W37)*(7/AB37)/12)=0, MOD(INT(SQRT($W37)*(7/AB37)/4),3), INT(SQRT($W37)*(7/AB37)/12) & IF(MOD(INT(SQRT($W37)*(7/AB37)/4),3)=0, "", "+" & MOD(INT(SQRT($W37)*(7/AB37)/4),3)))) -> 3+1 | AI37: =IF((SQRT($W37)*(7/AC37))>=(SQRT($W37)),"-",IF(INT(SQRT($W37)*(7/AC37)/12)=0, MOD(INT(SQRT($W37)*(7/AC37)/4),3), INT(SQRT($W37)*(7/AC37)/12) & IF(MOD(INT(SQRT($W37)*(7/AC37)/4),3)=0, "", "+" & MOD(INT(SQRT($W37)*(7/AC37)/4),3)))) -> 4+2 | AJ37: =IF((SQRT($W37)*(7/AD37))>=(SQRT($W37)),"-",IF(INT(SQRT($W37)*(7/AD37)/12)=0, MOD(INT(SQRT($W37)*(7/AD37)/4),3), INT(SQRT($W37)*(7/AD37)/12) & IF(MOD(INT(SQRT($W37)*(7/AD37)/4),3)=0, "", "+" & MOD(INT(SQRT($W37)*(7/AD37)/4),3)))) -> - | AK37: 1933
A38: Armes à feu\Pistolet auto | B38: Browning - BDA-380 | C38: powder_projectiles | D38: powder_projectiles | F38: .380 ACP | G38: .380ACP | H38: 0.64 | I38: 3.8 | J38: 5 | K38: 10 | L38: 30 | M38: 60 | N38: 3 | P38: 12 | Q38: SA | R38: 1 | S38: =VLOOKUP($F38,Munition!$B:$P,10,FALSE) -> 3.7 | T38: =VLOOKUP($F38,Munition!$B:$P,11,FALSE) -> 297 | U38: =T38 * POWER(I38/S38,0.25) -> 298.98673 | V38: =VLOOKUP($F38,Munition!$B:$P,5,FALSE) -> 5.68 | W38: =0.5 * (V38/1000) * (U38^2) -> 253.87631 | X38: =VLOOKUP($F38,Munition!$B:$P,15,FALSE) -> 89.283958 | Y38: =VLOOKUP($F38,Munition!$B:$P,9,FALSE) -> 1 | Z38: =VLOOKUP($F38,Munition!$B:$P,14,FALSE) -> 1.5586227e-05 | AA38: =0.0000001 * X38 * (2 * W38 / (V38/1000)) * Y38 -> 0.79813668 | AB38: =0.0000001 * $X38 * (2 * $W38 * EXP(-(2*$Z38/($V38/1000)) * J38) / ($V38/1000)) * $Y38 -> 0.77653314 | AC38: =0.0000001 * $X38 * (2 * $W38 * EXP(-(2*$Z38/($V38/1000)) * K38) / ($V38/1000)) * $Y38 -> 0.75551435 | AD38: =0.0000001 * $X38 * (2 * $W38 * EXP(-(2*$Z38/($V38/1000)) * L38) / ($V38/1000)) * $Y38 -> 0.67697654 | AE38: =0.0000001 * $X38 * (2 * $W38 * EXP(-(2*$Z38/($V38/1000)) * M38) / ($V38/1000)) * $Y38 -> 0.57420897 | AF38: =IF(INT(SQRT(W38)/12)=0, MOD(INT(SQRT(W38)/4),3), INT(SQRT(W38)/12) & "D6" & IF(MOD(INT(SQRT(W38)/4),3)=0, "", "+" & MOD(INT(SQRT(W38)/4),3))) -> 1D6 | AG38: =IF((SQRT($W38)*(7/AA38))>=(SQRT($W38)),"-",IF(INT(SQRT($W38)*(7/AA38)/12)=0, MOD(INT(SQRT($W38)*(7/AA38)/4),3), INT(SQRT($W38)*(7/AA38)/12) & IF(MOD(INT(SQRT($W38)*(7/AA38)/4),3)=0, "", "+" & MOD(INT(SQRT($W38)*(7/AA38)/4),3)))) -> - | AH38: =IF((SQRT($W38)*(7/AB38))>=(SQRT($W38)),"-",IF(INT(SQRT($W38)*(7/AB38)/12)=0, MOD(INT(SQRT($W38)*(7/AB38)/4),3), INT(SQRT($W38)*(7/AB38)/12) & IF(MOD(INT(SQRT($W38)*(7/AB38)/4),3)=0, "", "+" & MOD(INT(SQRT($W38)*(7/AB38)/4),3)))) -> - | AI38: =IF((SQRT($W38)*(7/AC38))>=(SQRT($W38)),"-",IF(INT(SQRT($W38)*(7/AC38)/12)=0, MOD(INT(SQRT($W38)*(7/AC38)/4),3), INT(SQRT($W38)*(7/AC38)/12) & IF(MOD(INT(SQRT($W38)*(7/AC38)/4),3)=0, "", "+" & MOD(INT(SQRT($W38)*(7/AC38)/4),3)))) -> - | AJ38: =IF((SQRT($W38)*(7/AD38))>=(SQRT($W38)),"-",IF(INT(SQRT($W38)*(7/AD38)/12)=0, MOD(INT(SQRT($W38)*(7/AD38)/4),3), INT(SQRT($W38)*(7/AD38)/12) & IF(MOD(INT(SQRT($W38)*(7/AD38)/4),3)=0, "", "+" & MOD(INT(SQRT($W38)*(7/AD38)/4),3)))) -> - | AK38: 1980
A39: Armes à feu\Pistolet auto | B39: Browning - Buck Mk22 | C39: powder_projectiles | D39: powder_projectiles | F39: .22 LR | G39: 5,56x15 | H39: 0.95 | I39: 5.5 | J39: 3 | K39: 6 | L39: 18 | M39: 36 | N39: 2 | P39: 10 | Q39: SA | R39: 1 | S39: =VLOOKUP($F39,Munition!$B:$P,10,FALSE) -> 16 | T39: =VLOOKUP($F39,Munition!$B:$P,11,FALSE) -> 345 | U39: =T39 * POWER(I39/S39,0.25) -> 264.16773 | V39: =VLOOKUP($F39,Munition!$B:$P,5,FALSE) -> 2.59 | W39: =0.5 * (V39/1000) * (U39^2) -> 90.371047 | X39: =VLOOKUP($F39,Munition!$B:$P,15,FALSE) -> 106.67442 | Y39: =VLOOKUP($F39,Munition!$B:$P,9,FALSE) -> 1 | Z39: =VLOOKUP($F39,Munition!$B:$P,14,FALSE) -> 5.2049145e-06 | AA39: =0.0000001 * X39 * (2 * W39 / (V39/1000)) * Y39 -> 0.7444231 | AB39: =0.0000001 * $X39 * (2 * $W39 * EXP(-(2*$Z39/($V39/1000)) * J39) / ($V39/1000)) * $Y39 -> 0.73550096 | AC39: =0.0000001 * $X39 * (2 * $W39 * EXP(-(2*$Z39/($V39/1000)) * K39) / ($V39/1000)) * $Y39 -> 0.72668575 | AD39: =0.0000001 * $X39 * (2 * $W39 * EXP(-(2*$Z39/($V39/1000)) * L39) / ($V39/1000)) * $Y39 -> 0.69246885 | AE39: =0.0000001 * $X39 * (2 * $W39 * EXP(-(2*$Z39/($V39/1000)) * M39) / ($V39/1000)) * $Y39 -> 0.64414056 | AF39: =IF(INT(SQRT(W39)/12)=0, MOD(INT(SQRT(W39)/4),3), INT(SQRT(W39)/12) & "D6" & IF(MOD(INT(SQRT(W39)/4),3)=0, "", "+" & MOD(INT(SQRT(W39)/4),3))) -> 2 | AG39: =IF((SQRT($W39)*(7/AA39))>=(SQRT($W39)),"-",IF(INT(SQRT($W39)*(7/AA39)/12)=0, MOD(INT(SQRT($W39)*(7/AA39)/4),3), INT(SQRT($W39)*(7/AA39)/12) & IF(MOD(INT(SQRT($W39)*(7/AA39)/4),3)=0, "", "+" & MOD(INT(SQRT($W39)*(7/AA39)/4),3)))) -> - | AH39: =IF((SQRT($W39)*(7/AB39))>=(SQRT($W39)),"-",IF(INT(SQRT($W39)*(7/AB39)/12)=0, MOD(INT(SQRT($W39)*(7/AB39)/4),3), INT(SQRT($W39)*(7/AB39)/12) & IF(MOD(INT(SQRT($W39)*(7/AB39)/4),3)=0, "", "+" & MOD(INT(SQRT($W39)*(7/AB39)/4),3)))) -> - | AI39: =IF((SQRT($W39)*(7/AC39))>=(SQRT($W39)),"-",IF(INT(SQRT($W39)*(7/AC39)/12)=0, MOD(INT(SQRT($W39)*(7/AC39)/4),3), INT(SQRT($W39)*(7/AC39)/12) & IF(MOD(INT(SQRT($W39)*(7/AC39)/4),3)=0, "", "+" & MOD(INT(SQRT($W39)*(7/AC39)/4),3)))) -> - | AJ39: =IF((SQRT($W39)*(7/AD39))>=(SQRT($W39)),"-",IF(INT(SQRT($W39)*(7/AD39)/12)=0, MOD(INT(SQRT($W39)*(7/AD39)/4),3), INT(SQRT($W39)*(7/AD39)/12) & IF(MOD(INT(SQRT($W39)*(7/AD39)/4),3)=0, "", "+" & MOD(INT(SQRT($W39)*(7/AD39)/4),3)))) -> - | AK39: 1960
A40: Armes à feu\Pistolet auto | B40: Browning - HP 35 | C40: powder_projectiles | D40: powder_projectiles | F40: 9 P | G40: 9x19 P | H40: 0.81 | I40: 4.7 | J40: 5 | K40: 10 | L40: 30 | M40: 60 | N40: 3 | P40: 13 | Q40: SA | R40: 1 | S40: =VLOOKUP($F40,Munition!$B:$P,10,FALSE) -> 4.5 | T40: =VLOOKUP($F40,Munition!$B:$P,11,FALSE) -> 450 | U40: =T40 * POWER(I40/S40,0.25) -> 454.91876 | V40: =VLOOKUP($F40,Munition!$B:$P,5,FALSE) -> 6.75 | W40: =0.5 * (V40/1000) * (U40^2) -> 698.4599 | X40: =VLOOKUP($F40,Munition!$B:$P,15,FALSE) -> 106.1033 | Y40: =VLOOKUP($F40,Munition!$B:$P,9,FALSE) -> 1 | Z40: =VLOOKUP($F40,Munition!$B:$P,14,FALSE) -> 1.5586227e-05 | AA40: =0.0000001 * X40 * (2 * W40 / (V40/1000)) * Y40 -> 2.1958192 | AB40: =0.0000001 * $X40 * (2 * $W40 * EXP(-(2*$Z40/($V40/1000)) * J40) / ($V40/1000)) * $Y40 -> 2.1456971 | AC40: =0.0000001 * $X40 * (2 * $W40 * EXP(-(2*$Z40/($V40/1000)) * K40) / ($V40/1000)) * $Y40 -> 2.096719 | AD40: =0.0000001 * $X40 * (2 * $W40 * EXP(-(2*$Z40/($V40/1000)) * L40) / ($V40/1000)) * $Y40 -> 1.9117345 | AE40: =0.0000001 * $X40 * (2 * $W40 * EXP(-(2*$Z40/($V40/1000)) * M40) / ($V40/1000)) * $Y40 -> 1.6644033 | AF40: =IF(INT(SQRT(W40)/12)=0, MOD(INT(SQRT(W40)/4),3), INT(SQRT(W40)/12) & "D6" & IF(MOD(INT(SQRT(W40)/4),3)=0, "", "+" & MOD(INT(SQRT(W40)/4),3))) -> 2D6 | AG40: =IF((SQRT($W40)*(7/AA40))>=(SQRT($W40)),"-",IF(INT(SQRT($W40)*(7/AA40)/12)=0, MOD(INT(SQRT($W40)*(7/AA40)/4),3), INT(SQRT($W40)*(7/AA40)/12) & IF(MOD(INT(SQRT($W40)*(7/AA40)/4),3)=0, "", "+" & MOD(INT(SQRT($W40)*(7/AA40)/4),3)))) -> - | AH40: =IF((SQRT($W40)*(7/AB40))>=(SQRT($W40)),"-",IF(INT(SQRT($W40)*(7/AB40)/12)=0, MOD(INT(SQRT($W40)*(7/AB40)/4),3), INT(SQRT($W40)*(7/AB40)/12) & IF(MOD(INT(SQRT($W40)*(7/AB40)/4),3)=0, "", "+" & MOD(INT(SQRT($W40)*(7/AB40)/4),3)))) -> - | AI40: =IF((SQRT($W40)*(7/AC40))>=(SQRT($W40)),"-",IF(INT(SQRT($W40)*(7/AC40)/12)=0, MOD(INT(SQRT($W40)*(7/AC40)/4),3), INT(SQRT($W40)*(7/AC40)/12) & IF(MOD(INT(SQRT($W40)*(7/AC40)/4),3)=0, "", "+" & MOD(INT(SQRT($W40)*(7/AC40)/4),3)))) -> - | AJ40: =IF((SQRT($W40)*(7/AD40))>=(SQRT($W40)),"-",IF(INT(SQRT($W40)*(7/AD40)/12)=0, MOD(INT(SQRT($W40)*(7/AD40)/4),3), INT(SQRT($W40)*(7/AD40)/12) & IF(MOD(INT(SQRT($W40)*(7/AD40)/4),3)=0, "", "+" & MOD(INT(SQRT($W40)*(7/AD40)/4),3)))) -> - | AK40: 1935
A41: Armes à feu\Pistolet auto | B41: BSAC - Welrod .32 | C41: powder_projectiles | D41: powder_projectiles | E41: Welrod MkI | F41: .32 ACP | G41: 7,65x17 | H41: 0.8 | I41: 3.5 | J41: 2 | K41: 4 | L41: 12 | M41: 24 | N41: 2 | P41: 6 | Q41: BA | R41: 1 | S41: =VLOOKUP($F41,Munition!$B:$P,10,FALSE) -> 4 | T41: =VLOOKUP($F41,Munition!$B:$P,11,FALSE) -> 318 | U41: =T41 * POWER(I41/S41,0.25) -> 307.55949 | V41: =VLOOKUP($F41,Munition!$B:$P,5,FALSE) -> 4.7 | W41: =0.5 * (V41/1000) * (U41^2) -> 222.29317 | X41: =VLOOKUP($F41,Munition!$B:$P,15,FALSE) -> 102.25513 | Y41: =VLOOKUP($F41,Munition!$B:$P,9,FALSE) -> 1 | Z41: =VLOOKUP($F41,Munition!$B:$P,14,FALSE) -> 1.1261049e-05 | AA41: =0.0000001 * X41 * (2 * W41 / (V41/1000)) * Y41 -> 0.96726032 | AB41: =0.0000001 * $X41 * (2 * $W41 * EXP(-(2*$Z41/($V41/1000)) * J41) / ($V41/1000)) * $Y41 -> 0.9580345 | AC41: =0.0000001 * $X41 * (2 * $W41 * EXP(-(2*$Z41/($V41/1000)) * K41) / ($V41/1000)) * $Y41 -> 0.94889668 | AD41: =0.0000001 * $X41 * (2 * $W41 * EXP(-(2*$Z41/($V41/1000)) * L41) / ($V41/1000)) * $Y41 -> 0.9132087 | AE41: =0.0000001 * $X41 * (2 * $W41 * EXP(-(2*$Z41/($V41/1000)) * M41) / ($V41/1000)) * $Y41 -> 0.86217754 | AF41: =IF(INT(SQRT(W41)/12)=0, MOD(INT(SQRT(W41)/4),3), INT(SQRT(W41)/12) & "D6" & IF(MOD(INT(SQRT(W41)/4),3)=0, "", "+" & MOD(INT(SQRT(W41)/4),3))) -> 1D6 | AG41: =IF((SQRT($W41)*(7/AA41))>=(SQRT($W41)),"-",IF(INT(SQRT($W41)*(7/AA41)/12)=0, MOD(INT(SQRT($W41)*(7/AA41)/4),3), INT(SQRT($W41)*(7/AA41)/12) & IF(MOD(INT(SQRT($W41)*(7/AA41)/4),3)=0, "", "+" & MOD(INT(SQRT($W41)*(7/AA41)/4),3)))) -> - | AH41: =IF((SQRT($W41)*(7/AB41))>=(SQRT($W41)),"-",IF(INT(SQRT($W41)*(7/AB41)/12)=0, MOD(INT(SQRT($W41)*(7/AB41)/4),3), INT(SQRT($W41)*(7/AB41)/12) & IF(MOD(INT(SQRT($W41)*(7/AB41)/4),3)=0, "", "+" & MOD(INT(SQRT($W41)*(7/AB41)/4),3)))) -> - | AI41: =IF((SQRT($W41)*(7/AC41))>=(SQRT($W41)),"-",IF(INT(SQRT($W41)*(7/AC41)/12)=0, MOD(INT(SQRT($W41)*(7/AC41)/4),3), INT(SQRT($W41)*(7/AC41)/12) & IF(MOD(INT(SQRT($W41)*(7/AC41)/4),3)=0, "", "+" & MOD(INT(SQRT($W41)*(7/AC41)/4),3)))) -> - | AJ41: =IF((SQRT($W41)*(7/AD41))>=(SQRT($W41)),"-",IF(INT(SQRT($W41)*(7/AD41)/12)=0, MOD(INT(SQRT($W41)*(7/AD41)/4),3), INT(SQRT($W41)*(7/AD41)/12) & IF(MOD(INT(SQRT($W41)*(7/AD41)/4),3)=0, "", "+" & MOD(INT(SQRT($W41)*(7/AD41)/4),3)))) -> - | AK41: 1942
A42: Armes à feu\Pistolet | B42: BSAC - Welrod 9 | C42: powder_projectiles | D42: powder_projectiles | E42: Welrod MkI | F42: 9 P | G42: 9x19 | H42: 1.5 | I42: 5 | J42: 2 | K42: 4 | L42: 12 | M42: 24 | N42: 2 | P42: 6 | Q42: BA | R42: 1 | S42: =VLOOKUP($F42,Munition!$B:$P,10,FALSE) -> 4.5 | T42: =VLOOKUP($F42,Munition!$B:$P,11,FALSE) -> 450 | U42: =T42 * POWER(I42/S42,0.25) -> 462.01054 | V42: =VLOOKUP($F42,Munition!$B:$P,5,FALSE) -> 6.75 | W42: =0.5 * (V42/1000) * (U42^2) -> 720.40638 | X42: =VLOOKUP($F42,Munition!$B:$P,15,FALSE) -> 106.1033 | Y42: =VLOOKUP($F42,Munition!$B:$P,9,FALSE) -> 1 | Z42: =VLOOKUP($F42,Munition!$B:$P,14,FALSE) -> 1.5586227e-05 | AA42: =0.0000001 * X42 * (2 * W42 / (V42/1000)) * Y42 -> 2.2648145 | AB42: =0.0000001 * $X42 * (2 * $W42 * EXP(-(2*$Z42/($V42/1000)) * J42) / ($V42/1000)) * $Y42 -> 2.2439924 | AC42: =0.0000001 * $X42 * (2 * $W42 * EXP(-(2*$Z42/($V42/1000)) * K42) / ($V42/1000)) * $Y42 -> 2.2233617 | AD42: =0.0000001 * $X42 * (2 * $W42 * EXP(-(2*$Z42/($V42/1000)) * L42) / ($V42/1000)) * $Y42 -> 2.1427181 | AE42: =0.0000001 * $X42 * (2 * $W42 * EXP(-(2*$Z42/($V42/1000)) * M42) / ($V42/1000)) * $Y42 -> 2.027204 | AF42: =IF(INT(SQRT(W42)/12)=0, MOD(INT(SQRT(W42)/4),3), INT(SQRT(W42)/12) & "D6" & IF(MOD(INT(SQRT(W42)/4),3)=0, "", "+" & MOD(INT(SQRT(W42)/4),3))) -> 2D6 | AG42: =IF((SQRT($W42)*(7/AA42))>=(SQRT($W42)),"-",IF(INT(SQRT($W42)*(7/AA42)/12)=0, MOD(INT(SQRT($W42)*(7/AA42)/4),3), INT(SQRT($W42)*(7/AA42)/12) & IF(MOD(INT(SQRT($W42)*(7/AA42)/4),3)=0, "", "+" & MOD(INT(SQRT($W42)*(7/AA42)/4),3)))) -> - | AH42: =IF((SQRT($W42)*(7/AB42))>=(SQRT($W42)),"-",IF(INT(SQRT($W42)*(7/AB42)/12)=0, MOD(INT(SQRT($W42)*(7/AB42)/4),3), INT(SQRT($W42)*(7/AB42)/12) & IF(MOD(INT(SQRT($W42)*(7/AB42)/4),3)=0, "", "+" & MOD(INT(SQRT($W42)*(7/AB42)/4),3)))) -> - | AI42: =IF((SQRT($W42)*(7/AC42))>=(SQRT($W42)),"-",IF(INT(SQRT($W42)*(7/AC42)/12)=0, MOD(INT(SQRT($W42)*(7/AC42)/4),3), INT(SQRT($W42)*(7/AC42)/12) & IF(MOD(INT(SQRT($W42)*(7/AC42)/4),3)=0, "", "+" & MOD(INT(SQRT($W42)*(7/AC42)/4),3)))) -> - | AJ42: =IF((SQRT($W42)*(7/AD42))>=(SQRT($W42)),"-",IF(INT(SQRT($W42)*(7/AD42)/12)=0, MOD(INT(SQRT($W42)*(7/AD42)/4),3), INT(SQRT($W42)*(7/AD42)/12) & IF(MOD(INT(SQRT($W42)*(7/AD42)/4),3)=0, "", "+" & MOD(INT(SQRT($W42)*(7/AD42)/4),3)))) -> - | AK42: 1942
A43: Armes à feu\Pistolet Mitrailleur | B43: Bushmaster internationnal - BAP | C43: powder_projectiles | D43: powder_projectiles | F43: 5,56 M193 | G43: 5.56N | H43: 1.93 | I43: 24 | J43: 15 | K43: 30 | L43: 90 | M43: 180 | O43: 5 | P43: 20 | Q43: 5 | R43: 5 | S43: =VLOOKUP($F43,Munition!$B:$P,10,FALSE) -> 20 | T43: =VLOOKUP($F43,Munition!$B:$P,11,FALSE) -> 878 | U43: =T43 * POWER(I43/S43,0.25) -> 918.94565 | V43: =VLOOKUP($F43,Munition!$B:$P,5,FALSE) -> 3.56 | W43: =0.5 * (V43/1000) * (U43^2) -> 1503.1408 | X43: =VLOOKUP($F43,Munition!$B:$P,15,FALSE) -> 146.62585 | Y43: =VLOOKUP($F43,Munition!$B:$P,9,FALSE) -> 1 | Z43: =VLOOKUP($F43,Munition!$B:$P,14,FALSE) -> 3.7177961e-06 | AA43: =0.0000001 * X43 * (2 * W43 / (V43/1000)) * Y43 -> 12.381983 | AB43: =0.0000001 * $X43 * (2 * $W43 * EXP(-(2*$Z43/($V43/1000)) * J43) / ($V43/1000)) * $Y43 -> 12.000072 | AC43: =0.0000001 * $X43 * (2 * $W43 * EXP(-(2*$Z43/($V43/1000)) * K43) / ($V43/1000)) * $Y43 -> 11.629941 | AD43: =0.0000001 * $X43 * (2 * $W43 * EXP(-(2*$Z43/($V43/1000)) * L43) / ($V43/1000)) * $Y43 -> 10.260114 | AE43: =0.0000001 * $X43 * (2 * $W43 * EXP(-(2*$Z43/($V43/1000)) * M43) / ($V43/1000)) * $Y43 -> 8.5018645 | AF43: =IF(INT(SQRT(W43)/12)=0, MOD(INT(SQRT(W43)/4),3), INT(SQRT(W43)/12) & "D6" & IF(MOD(INT(SQRT(W43)/4),3)=0, "", "+" & MOD(INT(SQRT(W43)/4),3))) -> 3D6 | AG43: =IF((SQRT($W43)*(7/AA43))>=(SQRT($W43)),"-",IF(INT(SQRT($W43)*(7/AA43)/12)=0, MOD(INT(SQRT($W43)*(7/AA43)/4),3), INT(SQRT($W43)*(7/AA43)/12) & IF(MOD(INT(SQRT($W43)*(7/AA43)/4),3)=0, "", "+" & MOD(INT(SQRT($W43)*(7/AA43)/4),3)))) -> 1+2 | AH43: =IF((SQRT($W43)*(7/AB43))>=(SQRT($W43)),"-",IF(INT(SQRT($W43)*(7/AB43)/12)=0, MOD(INT(SQRT($W43)*(7/AB43)/4),3), INT(SQRT($W43)*(7/AB43)/12) & IF(MOD(INT(SQRT($W43)*(7/AB43)/4),3)=0, "", "+" & MOD(INT(SQRT($W43)*(7/AB43)/4),3)))) -> 1+2 | AI43: =IF((SQRT($W43)*(7/AC43))>=(SQRT($W43)),"-",IF(INT(SQRT($W43)*(7/AC43)/12)=0, MOD(INT(SQRT($W43)*(7/AC43)/4),3), INT(SQRT($W43)*(7/AC43)/12) & IF(MOD(INT(SQRT($W43)*(7/AC43)/4),3)=0, "", "+" & MOD(INT(SQRT($W43)*(7/AC43)/4),3)))) -> 1+2 | AJ43: =IF((SQRT($W43)*(7/AD43))>=(SQRT($W43)),"-",IF(INT(SQRT($W43)*(7/AD43)/12)=0, MOD(INT(SQRT($W43)*(7/AD43)/4),3), INT(SQRT($W43)*(7/AD43)/12) & IF(MOD(INT(SQRT($W43)*(7/AD43)/4),3)=0, "", "+" & MOD(INT(SQRT($W43)*(7/AD43)/4),3)))) -> 2 | AK43: 1985
A44: Armes à feu\fusil | B44: Ceská zbrojovka - VZ-24 | C44: powder_projectiles | D44: powder_projectiles | F44: 8mm Mauser | G44: 7,92x57 | H44: 4.2 | I44: 23 | J44: 50 | K44: 100 | L44: 300 | M44: 600 | N44: 2 | P44: 5 | Q44: BA | R44: 1 | S44: =VLOOKUP($F44,Munition!$B:$P,10,FALSE) -> 24 | T44: =VLOOKUP($F44,Munition!$B:$P,11,FALSE) -> 740 | U44: =T44 * POWER(I44/S44,0.25) -> 732.16821 | V44: =VLOOKUP($F44,Munition!$B:$P,5,FALSE) -> 13.4 | W44: =0.5 * (V44/1000) * (U44^2) -> 3591.6709 | X44: =VLOOKUP($F44,Munition!$B:$P,15,FALSE) -> 271.99728 | Y44: =VLOOKUP($F44,Munition!$B:$P,9,FALSE) -> 1 | Z44: =VLOOKUP($F44,Munition!$B:$P,14,FALSE) -> 7.845483e-06 | AA44: =0.0000001 * X44 * (2 * W44 / (V44/1000)) * Y44 -> 14.580966 | AB44: =0.0000001 * $X44 * (2 * $W44 * EXP(-(2*$Z44/($V44/1000)) * J44) / ($V44/1000)) * $Y44 -> 13.751784 | AC44: =0.0000001 * $X44 * (2 * $W44 * EXP(-(2*$Z44/($V44/1000)) * K44) / ($V44/1000)) * $Y44 -> 12.969756 | AD44: =0.0000001 * $X44 * (2 * $W44 * EXP(-(2*$Z44/($V44/1000)) * L44) / ($V44/1000)) * $Y44 -> 10.261784 | AE44: =0.0000001 * $X44 * (2 * $W44 * EXP(-(2*$Z44/($V44/1000)) * M44) / ($V44/1000)) * $Y44 -> 7.2220323 | AF44: =IF(INT(SQRT(W44)/12)=0, MOD(INT(SQRT(W44)/4),3), INT(SQRT(W44)/12) & "D6" & IF(MOD(INT(SQRT(W44)/4),3)=0, "", "+" & MOD(INT(SQRT(W44)/4),3))) -> 4D6+2 | AG44: =IF((SQRT($W44)*(7/AA44))>=(SQRT($W44)),"-",IF(INT(SQRT($W44)*(7/AA44)/12)=0, MOD(INT(SQRT($W44)*(7/AA44)/4),3), INT(SQRT($W44)*(7/AA44)/12) & IF(MOD(INT(SQRT($W44)*(7/AA44)/4),3)=0, "", "+" & MOD(INT(SQRT($W44)*(7/AA44)/4),3)))) -> 2+1 | AH44: =IF((SQRT($W44)*(7/AB44))>=(SQRT($W44)),"-",IF(INT(SQRT($W44)*(7/AB44)/12)=0, MOD(INT(SQRT($W44)*(7/AB44)/4),3), INT(SQRT($W44)*(7/AB44)/12) & IF(MOD(INT(SQRT($W44)*(7/AB44)/4),3)=0, "", "+" & MOD(INT(SQRT($W44)*(7/AB44)/4),3)))) -> 2+1 | AI44: =IF((SQRT($W44)*(7/AC44))>=(SQRT($W44)),"-",IF(INT(SQRT($W44)*(7/AC44)/12)=0, MOD(INT(SQRT($W44)*(7/AC44)/4),3), INT(SQRT($W44)*(7/AC44)/12) & IF(MOD(INT(SQRT($W44)*(7/AC44)/4),3)=0, "", "+" & MOD(INT(SQRT($W44)*(7/AC44)/4),3)))) -> 2+2 | AJ44: =IF((SQRT($W44)*(7/AD44))>=(SQRT($W44)),"-",IF(INT(SQRT($W44)*(7/AD44)/12)=0, MOD(INT(SQRT($W44)*(7/AD44)/4),3), INT(SQRT($W44)*(7/AD44)/12) & IF(MOD(INT(SQRT($W44)*(7/AD44)/4),3)=0, "", "+" & MOD(INT(SQRT($W44)*(7/AD44)/4),3)))) -> 3+1 | AK44: 1924
A45: Armes à feu\fusil | B45: Ceská zbrojovka - Vz-52 | C45: powder_projectiles | D45: powder_projectiles | F45: 7,62 R | G45: 7,62x39 | H45: 4.5 | I45: 20.7 | J45: 50 | K45: 100 | L45: 300 | M45: 600 | N45: 2 | P45: 10 | Q45: SA | R45: 1 | S45: =VLOOKUP($F45,Munition!$B:$P,10,FALSE) -> 16 | T45: =VLOOKUP($F45,Munition!$B:$P,11,FALSE) -> 725 | U45: =T45 * POWER(I45/S45,0.25) -> 773.21558 | V45: =VLOOKUP($F45,Munition!$B:$P,5,FALSE) -> 7.9 | W45: =0.5 * (V45/1000) * (U45^2) -> 2361.5562 | X45: =VLOOKUP($F45,Munition!$B:$P,15,FALSE) -> 173.23166 | Y45: =VLOOKUP($F45,Munition!$B:$P,9,FALSE) -> 1 | Z45: =VLOOKUP($F45,Munition!$B:$P,14,FALSE) -> 7.8210299e-06 | AA45: =0.0000001 * X45 * (2 * W45 / (V45/1000)) * Y45 -> 10.356868 | AB45: =0.0000001 * $X45 * (2 * $W45 * EXP(-(2*$Z45/($V45/1000)) * J45) / ($V45/1000)) * $Y45 -> 9.3806546 | AC45: =0.0000001 * $X45 * (2 * $W45 * EXP(-(2*$Z45/($V45/1000)) * K45) / ($V45/1000)) * $Y45 -> 8.4964562 | AD45: =0.0000001 * $X45 * (2 * $W45 * EXP(-(2*$Z45/($V45/1000)) * L45) / ($V45/1000)) * $Y45 -> 5.7181633 | AE45: =0.0000001 * $X45 * (2 * $W45 * EXP(-(2*$Z45/($V45/1000)) * M45) / ($V45/1000)) * $Y45 -> 3.1570731 | AF45: =IF(INT(SQRT(W45)/12)=0, MOD(INT(SQRT(W45)/4),3), INT(SQRT(W45)/12) & "D6" & IF(MOD(INT(SQRT(W45)/4),3)=0, "", "+" & MOD(INT(SQRT(W45)/4),3))) -> 4D6 | AG45: =IF((SQRT($W45)*(7/AA45))>=(SQRT($W45)),"-",IF(INT(SQRT($W45)*(7/AA45)/12)=0, MOD(INT(SQRT($W45)*(7/AA45)/4),3), INT(SQRT($W45)*(7/AA45)/12) & IF(MOD(INT(SQRT($W45)*(7/AA45)/4),3)=0, "", "+" & MOD(INT(SQRT($W45)*(7/AA45)/4),3)))) -> 2+2 | AH45: =IF((SQRT($W45)*(7/AB45))>=(SQRT($W45)),"-",IF(INT(SQRT($W45)*(7/AB45)/12)=0, MOD(INT(SQRT($W45)*(7/AB45)/4),3), INT(SQRT($W45)*(7/AB45)/12) & IF(MOD(INT(SQRT($W45)*(7/AB45)/4),3)=0, "", "+" & MOD(INT(SQRT($W45)*(7/AB45)/4),3)))) -> 3 | AI45: =IF((SQRT($W45)*(7/AC45))>=(SQRT($W45)),"-",IF(INT(SQRT($W45)*(7/AC45)/12)=0, MOD(INT(SQRT($W45)*(7/AC45)/4),3), INT(SQRT($W45)*(7/AC45)/12) & IF(MOD(INT(SQRT($W45)*(7/AC45)/4),3)=0, "", "+" & MOD(INT(SQRT($W45)*(7/AC45)/4),3)))) -> 3+1 | AJ45: =IF((SQRT($W45)*(7/AD45))>=(SQRT($W45)),"-",IF(INT(SQRT($W45)*(7/AD45)/12)=0, MOD(INT(SQRT($W45)*(7/AD45)/4),3), INT(SQRT($W45)*(7/AD45)/12) & IF(MOD(INT(SQRT($W45)*(7/AD45)/4),3)=0, "", "+" & MOD(INT(SQRT($W45)*(7/AD45)/4),3)))) -> - | AK45: 1952
A46: Armes à feu\fusil | B46: Ceská zbrojovka - Vz-54 | C46: powder_projectiles | D46: powder_projectiles | F46: 7,62x54 R | G46: 7,62x54 | H46: 5.2 | I46: 24 | J46: 75 | K46: 150 | L46: 450 | M46: 900 | N46: 2 | P46: 5 | Q46: BA | R46: 1 | S46: =VLOOKUP($F46,Munition!$B:$P,10,FALSE) -> 24 | T46: =VLOOKUP($F46,Munition!$B:$P,11,FALSE) -> 786 | U46: =T46 * POWER(I46/S46,0.25) -> 786 | V46: =VLOOKUP($F46,Munition!$B:$P,5,FALSE) -> 11 | W46: =0.5 * (V46/1000) * (U46^2) -> 3397.878 | X46: =VLOOKUP($F46,Munition!$B:$P,15,FALSE) -> 241.20864 | Y46: =VLOOKUP($F46,Munition!$B:$P,9,FALSE) -> 1 | Z46: =VLOOKUP($F46,Munition!$B:$P,14,FALSE) -> 6.9830624e-06 | AA46: =0.0000001 * X46 * (2 * W46 / (V46/1000)) * Y46 -> 14.901773 | AB46: =0.0000001 * $X46 * (2 * $W46 * EXP(-(2*$Z46/($V46/1000)) * J46) / ($V46/1000)) * $Y46 -> 13.54824 | AC46: =0.0000001 * $X46 * (2 * $W46 * EXP(-(2*$Z46/($V46/1000)) * K46) / ($V46/1000)) * $Y46 -> 12.317648 | AD46: =0.0000001 * $X46 * (2 * $W46 * EXP(-(2*$Z46/($V46/1000)) * L46) / ($V46/1000)) * $Y46 -> 8.4160344 | AE46: =0.0000001 * $X46 * (2 * $W46 * EXP(-(2*$Z46/($V46/1000)) * M46) / ($V46/1000)) * $Y46 -> 4.7531011 | AF46: =IF(INT(SQRT(W46)/12)=0, MOD(INT(SQRT(W46)/4),3), INT(SQRT(W46)/12) & "D6" & IF(MOD(INT(SQRT(W46)/4),3)=0, "", "+" & MOD(INT(SQRT(W46)/4),3))) -> 4D6+2 | AG46: =IF((SQRT($W46)*(7/AA46))>=(SQRT($W46)),"-",IF(INT(SQRT($W46)*(7/AA46)/12)=0, MOD(INT(SQRT($W46)*(7/AA46)/4),3), INT(SQRT($W46)*(7/AA46)/12) & IF(MOD(INT(SQRT($W46)*(7/AA46)/4),3)=0, "", "+" & MOD(INT(SQRT($W46)*(7/AA46)/4),3)))) -> 2 | AH46: =IF((SQRT($W46)*(7/AB46))>=(SQRT($W46)),"-",IF(INT(SQRT($W46)*(7/AB46)/12)=0, MOD(INT(SQRT($W46)*(7/AB46)/4),3), INT(SQRT($W46)*(7/AB46)/12) & IF(MOD(INT(SQRT($W46)*(7/AB46)/4),3)=0, "", "+" & MOD(INT(SQRT($W46)*(7/AB46)/4),3)))) -> 2+1 | AI46: =IF((SQRT($W46)*(7/AC46))>=(SQRT($W46)),"-",IF(INT(SQRT($W46)*(7/AC46)/12)=0, MOD(INT(SQRT($W46)*(7/AC46)/4),3), INT(SQRT($W46)*(7/AC46)/12) & IF(MOD(INT(SQRT($W46)*(7/AC46)/4),3)=0, "", "+" & MOD(INT(SQRT($W46)*(7/AC46)/4),3)))) -> 2+2 | AJ46: =IF((SQRT($W46)*(7/AD46))>=(SQRT($W46)),"-",IF(INT(SQRT($W46)*(7/AD46)/12)=0, MOD(INT(SQRT($W46)*(7/AD46)/4),3), INT(SQRT($W46)*(7/AD46)/12) & IF(MOD(INT(SQRT($W46)*(7/AD46)/4),3)=0, "", "+" & MOD(INT(SQRT($W46)*(7/AD46)/4),3)))) -> 4 | AK46: 1954
A47: Armes à feu\Mitrailleuse | B47: Ceská zbrojovka - VZ-59 | C47: powder_projectiles | D47: powder_projectiles | F47: 7,62x54 R | G47: 7,62x54 | H47: 8.6 | I47: 22 | J47: 100 | K47: 200 | L47: 600 | M47: 1200 | N47: 1 | O47: 8 | P47: 50 | Q47: 62 | R47: 10 | S47: =VLOOKUP($F47,Munition!$B:$P,10,FALSE) -> 24 | T47: =VLOOKUP($F47,Munition!$B:$P,11,FALSE) -> 786 | U47: =T47 * POWER(I47/S47,0.25) -> 769.08689 | V47: =VLOOKUP($F47,Munition!$B:$P,5,FALSE) -> 11 | W47: =0.5 * (V47/1000) * (U47^2) -> 3253.2205 | X47: =VLOOKUP($F47,Munition!$B:$P,15,FALSE) -> 241.20864 | Y47: =VLOOKUP($F47,Munition!$B:$P,9,FALSE) -> 1 | Z47: =VLOOKUP($F47,Munition!$B:$P,14,FALSE) -> 6.9830624e-06 | AA47: =0.0000001 * X47 * (2 * W47 / (V47/1000)) * Y47 -> 14.267362 | AB47: =0.0000001 * $X47 * (2 * $W47 * EXP(-(2*$Z47/($V47/1000)) * J47) / ($V47/1000)) * $Y47 -> 12.566189 | AC47: =0.0000001 * $X47 * (2 * $W47 * EXP(-(2*$Z47/($V47/1000)) * K47) / ($V47/1000)) * $Y47 -> 11.067855 | AD47: =0.0000001 * $X47 * (2 * $W47 * EXP(-(2*$Z47/($V47/1000)) * L47) / ($V47/1000)) * $Y47 -> 6.6604424 | AE47: =0.0000001 * $X47 * (2 * $W47 * EXP(-(2*$Z47/($V47/1000)) * M47) / ($V47/1000)) * $Y47 -> 3.1092989 | AF47: =IF(INT(SQRT(W47)/12)=0, MOD(INT(SQRT(W47)/4),3), INT(SQRT(W47)/12) & "D6" & IF(MOD(INT(SQRT(W47)/4),3)=0, "", "+" & MOD(INT(SQRT(W47)/4),3))) -> 4D6+2 | AG47: =IF((SQRT($W47)*(7/AA47))>=(SQRT($W47)),"-",IF(INT(SQRT($W47)*(7/AA47)/12)=0, MOD(INT(SQRT($W47)*(7/AA47)/4),3), INT(SQRT($W47)*(7/AA47)/12) & IF(MOD(INT(SQRT($W47)*(7/AA47)/4),3)=0, "", "+" & MOD(INT(SQRT($W47)*(7/AA47)/4),3)))) -> 2 | AH47: =IF((SQRT($W47)*(7/AB47))>=(SQRT($W47)),"-",IF(INT(SQRT($W47)*(7/AB47)/12)=0, MOD(INT(SQRT($W47)*(7/AB47)/4),3), INT(SQRT($W47)*(7/AB47)/12) & IF(MOD(INT(SQRT($W47)*(7/AB47)/4),3)=0, "", "+" & MOD(INT(SQRT($W47)*(7/AB47)/4),3)))) -> 2+1 | AI47: =IF((SQRT($W47)*(7/AC47))>=(SQRT($W47)),"-",IF(INT(SQRT($W47)*(7/AC47)/12)=0, MOD(INT(SQRT($W47)*(7/AC47)/4),3), INT(SQRT($W47)*(7/AC47)/12) & IF(MOD(INT(SQRT($W47)*(7/AC47)/4),3)=0, "", "+" & MOD(INT(SQRT($W47)*(7/AC47)/4),3)))) -> 3 | AJ47: =IF((SQRT($W47)*(7/AD47))>=(SQRT($W47)),"-",IF(INT(SQRT($W47)*(7/AD47)/12)=0, MOD(INT(SQRT($W47)*(7/AD47)/4),3), INT(SQRT($W47)*(7/AD47)/12) & IF(MOD(INT(SQRT($W47)*(7/AD47)/4),3)=0, "", "+" & MOD(INT(SQRT($W47)*(7/AD47)/4),3)))) -> - | AK47: 1950
A48: Armes à feu\Pistolet Mitrailleur | B48: Ceská zbrojovka - Vz-61/62 Skorpion | C48: powder_projectiles | D48: powder_projectiles | F48: .32 ACP | G48: 7,65x17 | H48: 1.28 | I48: 4.5 | J48: 8 | K48: 16 | L48: 48 | M48: 96 | N48: 2 | O48: 10 | P48: 20 | Q48: 1/10/20 | R48: 10 | S48: =VLOOKUP($F48,Munition!$B:$P,10,FALSE) -> 4 | T48: =VLOOKUP($F48,Munition!$B:$P,11,FALSE) -> 318 | U48: =T48 * POWER(I48/S48,0.25) -> 327.50298 | V48: =VLOOKUP($F48,Munition!$B:$P,5,FALSE) -> 4.7 | W48: =0.5 * (V48/1000) * (U48^2) -> 252.05677 | X48: =VLOOKUP($F48,Munition!$B:$P,15,FALSE) -> 102.25513 | Y48: =VLOOKUP($F48,Munition!$B:$P,9,FALSE) -> 1 | Z48: =VLOOKUP($F48,Munition!$B:$P,14,FALSE) -> 1.1261049e-05 | AA48: =0.0000001 * X48 * (2 * W48 / (V48/1000)) * Y48 -> 1.0967701 | AB48: =0.0000001 * $X48 * (2 * $W48 * EXP(-(2*$Z48/($V48/1000)) * J48) / ($V48/1000)) * $Y48 -> 1.0555206 | AC48: =0.0000001 * $X48 * (2 * $W48 * EXP(-(2*$Z48/($V48/1000)) * K48) / ($V48/1000)) * $Y48 -> 1.0158225 | AD48: =0.0000001 * $X48 * (2 * $W48 * EXP(-(2*$Z48/($V48/1000)) * L48) / ($V48/1000)) * $Y48 -> 0.87140946 | AE48: =0.0000001 * $X48 * (2 * $W48 * EXP(-(2*$Z48/($V48/1000)) * M48) / ($V48/1000)) * $Y48 -> 0.69235516 | AF48: =IF(INT(SQRT(W48)/12)=0, MOD(INT(SQRT(W48)/4),3), INT(SQRT(W48)/12) & "D6" & IF(MOD(INT(SQRT(W48)/4),3)=0, "", "+" & MOD(INT(SQRT(W48)/4),3))) -> 1D6 | AG48: =IF((SQRT($W48)*(7/AA48))>=(SQRT($W48)),"-",IF(INT(SQRT($W48)*(7/AA48)/12)=0, MOD(INT(SQRT($W48)*(7/AA48)/4),3), INT(SQRT($W48)*(7/AA48)/12) & IF(MOD(INT(SQRT($W48)*(7/AA48)/4),3)=0, "", "+" & MOD(INT(SQRT($W48)*(7/AA48)/4),3)))) -> - | AH48: =IF((SQRT($W48)*(7/AB48))>=(SQRT($W48)),"-",IF(INT(SQRT($W48)*(7/AB48)/12)=0, MOD(INT(SQRT($W48)*(7/AB48)/4),3), INT(SQRT($W48)*(7/AB48)/12) & IF(MOD(INT(SQRT($W48)*(7/AB48)/4),3)=0, "", "+" & MOD(INT(SQRT($W48)*(7/AB48)/4),3)))) -> - | AI48: =IF((SQRT($W48)*(7/AC48))>=(SQRT($W48)),"-",IF(INT(SQRT($W48)*(7/AC48)/12)=0, MOD(INT(SQRT($W48)*(7/AC48)/4),3), INT(SQRT($W48)*(7/AC48)/12) & IF(MOD(INT(SQRT($W48)*(7/AC48)/4),3)=0, "", "+" & MOD(INT(SQRT($W48)*(7/AC48)/4),3)))) -> - | AJ48: =IF((SQRT($W48)*(7/AD48))>=(SQRT($W48)),"-",IF(INT(SQRT($W48)*(7/AD48)/12)=0, MOD(INT(SQRT($W48)*(7/AD48)/4),3), INT(SQRT($W48)*(7/AD48)/12) & IF(MOD(INT(SQRT($W48)*(7/AD48)/4),3)=0, "", "+" & MOD(INT(SQRT($W48)*(7/AD48)/4),3)))) -> - | AK48: 1961
A49: Armes à feu\Fusil d'assaut | B49: CETME - CETME C | C49: powder_projectiles | D49: powder_projectiles | F49: 7,62 N | G49: 7,62x51 | H49: 4.4 | I49: 17.7 | J49: 50 | K49: 100 | L49: 300 | M49: 600 | N49: 2 | O49: 10 | P49: 30 | Q49: 1/50 | R49: 10 | S49: =VLOOKUP($F49,Munition!$B:$P,10,FALSE) -> 22 | T49: =VLOOKUP($F49,Munition!$B:$P,11,FALSE) -> 832 | U49: =T49 * POWER(I49/S49,0.25) -> 787.97234 | V49: =VLOOKUP($F49,Munition!$B:$P,5,FALSE) -> 9.45 | W49: =0.5 * (V49/1000) * (U49^2) -> 2933.7544 | X49: =VLOOKUP($F49,Munition!$B:$P,15,FALSE) -> 207.22015 | Y49: =VLOOKUP($F49,Munition!$B:$P,9,FALSE) -> 1 | Z49: =VLOOKUP($F49,Munition!$B:$P,14,FALSE) -> 6.9830624e-06 | AA49: =0.0000001 * X49 * (2 * W49 / (V49/1000)) * Y49 -> 12.866308 | AB49: =0.0000001 * $X49 * (2 * $W49 * EXP(-(2*$Z49/($V49/1000)) * J49) / ($V49/1000)) * $Y49 -> 11.949832 | AC49: =0.0000001 * $X49 * (2 * $W49 * EXP(-(2*$Z49/($V49/1000)) * K49) / ($V49/1000)) * $Y49 -> 11.098638 | AD49: =0.0000001 * $X49 * (2 * $W49 * EXP(-(2*$Z49/($V49/1000)) * L49) / ($V49/1000)) * $Y49 -> 8.2585005 | AE49: =0.0000001 * $X49 * (2 * $W49 * EXP(-(2*$Z49/($V49/1000)) * M49) / ($V49/1000)) * $Y49 -> 5.3008861 | AF49: =IF(INT(SQRT(W49)/12)=0, MOD(INT(SQRT(W49)/4),3), INT(SQRT(W49)/12) & "D6" & IF(MOD(INT(SQRT(W49)/4),3)=0, "", "+" & MOD(INT(SQRT(W49)/4),3))) -> 4D6+1 | AG49: =IF((SQRT($W49)*(7/AA49))>=(SQRT($W49)),"-",IF(INT(SQRT($W49)*(7/AA49)/12)=0, MOD(INT(SQRT($W49)*(7/AA49)/4),3), INT(SQRT($W49)*(7/AA49)/12) & IF(MOD(INT(SQRT($W49)*(7/AA49)/4),3)=0, "", "+" & MOD(INT(SQRT($W49)*(7/AA49)/4),3)))) -> 2+1 | AH49: =IF((SQRT($W49)*(7/AB49))>=(SQRT($W49)),"-",IF(INT(SQRT($W49)*(7/AB49)/12)=0, MOD(INT(SQRT($W49)*(7/AB49)/4),3), INT(SQRT($W49)*(7/AB49)/12) & IF(MOD(INT(SQRT($W49)*(7/AB49)/4),3)=0, "", "+" & MOD(INT(SQRT($W49)*(7/AB49)/4),3)))) -> 2+1 | AI49: =IF((SQRT($W49)*(7/AC49))>=(SQRT($W49)),"-",IF(INT(SQRT($W49)*(7/AC49)/12)=0, MOD(INT(SQRT($W49)*(7/AC49)/4),3), INT(SQRT($W49)*(7/AC49)/12) & IF(MOD(INT(SQRT($W49)*(7/AC49)/4),3)=0, "", "+" & MOD(INT(SQRT($W49)*(7/AC49)/4),3)))) -> 2+2 | AJ49: =IF((SQRT($W49)*(7/AD49))>=(SQRT($W49)),"-",IF(INT(SQRT($W49)*(7/AD49)/12)=0, MOD(INT(SQRT($W49)*(7/AD49)/4),3), INT(SQRT($W49)*(7/AD49)/12) & IF(MOD(INT(SQRT($W49)*(7/AD49)/4),3)=0, "", "+" & MOD(INT(SQRT($W49)*(7/AD49)/4),3)))) -> 3+2 | AK49: 1956
A50: Armes à feu\Fusil d'assaut | B50: CETME - CETME L | C50: powder_projectiles | D50: powder_projectiles | F50: 5,56 M193 | G50: 5,56x45 | H50: 3.4 | I50: 17.7 | J50: 50 | K50: 100 | L50: 300 | M50: 600 | N50: 2 | O50: 10 | P50: 30 | Q50: 1/55 | R50: 10 | S50: =VLOOKUP($F50,Munition!$B:$P,10,FALSE) -> 20 | T50: =VLOOKUP($F50,Munition!$B:$P,11,FALSE) -> 878 | U50: =T50 * POWER(I50/S50,0.25) -> 851.58957 | V50: =VLOOKUP($F50,Munition!$B:$P,5,FALSE) -> 3.56 | W50: =0.5 * (V50/1000) * (U50^2) -> 1290.8645 | X50: =VLOOKUP($F50,Munition!$B:$P,15,FALSE) -> 146.62585 | Y50: =VLOOKUP($F50,Munition!$B:$P,9,FALSE) -> 1 | Z50: =VLOOKUP($F50,Munition!$B:$P,14,FALSE) -> 3.7177961e-06 | AA50: =0.0000001 * X50 * (2 * W50 / (V50/1000)) * Y50 -> 10.633377 | AB50: =0.0000001 * $X50 * (2 * $W50 * EXP(-(2*$Z50/($V50/1000)) * J50) / ($V50/1000)) * $Y50 -> 9.5789246 | AC50: =0.0000001 * $X50 * (2 * $W50 * EXP(-(2*$Z50/($V50/1000)) * K50) / ($V50/1000)) * $Y50 -> 8.6290365 | AD50: =0.0000001 * $X50 * (2 * $W50 * EXP(-(2*$Z50/($V50/1000)) * L50) / ($V50/1000)) * $Y50 -> 5.6825664 | AE50: =0.0000001 * $X50 * (2 * $W50 * EXP(-(2*$Z50/($V50/1000)) * M50) / ($V50/1000)) * $Y50 -> 3.0368115 | AF50: =IF(INT(SQRT(W50)/12)=0, MOD(INT(SQRT(W50)/4),3), INT(SQRT(W50)/12) & "D6" & IF(MOD(INT(SQRT(W50)/4),3)=0, "", "+" & MOD(INT(SQRT(W50)/4),3))) -> 2D6+2 | AG50: =IF((SQRT($W50)*(7/AA50))>=(SQRT($W50)),"-",IF(INT(SQRT($W50)*(7/AA50)/12)=0, MOD(INT(SQRT($W50)*(7/AA50)/4),3), INT(SQRT($W50)*(7/AA50)/12) & IF(MOD(INT(SQRT($W50)*(7/AA50)/4),3)=0, "", "+" & MOD(INT(SQRT($W50)*(7/AA50)/4),3)))) -> 1+2 | AH50: =IF((SQRT($W50)*(7/AB50))>=(SQRT($W50)),"-",IF(INT(SQRT($W50)*(7/AB50)/12)=0, MOD(INT(SQRT($W50)*(7/AB50)/4),3), INT(SQRT($W50)*(7/AB50)/12) & IF(MOD(INT(SQRT($W50)*(7/AB50)/4),3)=0, "", "+" & MOD(INT(SQRT($W50)*(7/AB50)/4),3)))) -> 2 | AI50: =IF((SQRT($W50)*(7/AC50))>=(SQRT($W50)),"-",IF(INT(SQRT($W50)*(7/AC50)/12)=0, MOD(INT(SQRT($W50)*(7/AC50)/4),3), INT(SQRT($W50)*(7/AC50)/12) & IF(MOD(INT(SQRT($W50)*(7/AC50)/4),3)=0, "", "+" & MOD(INT(SQRT($W50)*(7/AC50)/4),3)))) -> 2+1 | AJ50: =IF((SQRT($W50)*(7/AD50))>=(SQRT($W50)),"-",IF(INT(SQRT($W50)*(7/AD50)/12)=0, MOD(INT(SQRT($W50)*(7/AD50)/4),3), INT(SQRT($W50)*(7/AD50)/12) & IF(MOD(INT(SQRT($W50)*(7/AD50)/4),3)=0, "", "+" & MOD(INT(SQRT($W50)*(7/AD50)/4),3)))) -> - | AK50: 1984
A51: Armes à feu\Fusil d'assaut | B51: CETME - CETME LC | C51: powder_projectiles | D51: powder_projectiles | F51: 5,56 M193 | G51: 5,56x45 | H51: 3.4 | I51: 12.2 | J51: 41 | K51: 82 | L51: 246 | M51: 492 | N51: 2 | O51: 10 | P51: 30 | Q51: 1/10/60 | R51: 10 | S51: =VLOOKUP($F51,Munition!$B:$P,10,FALSE) -> 20 | T51: =VLOOKUP($F51,Munition!$B:$P,11,FALSE) -> 878 | U51: =T51 * POWER(I51/S51,0.25) -> 775.93792 | V51: =VLOOKUP($F51,Munition!$B:$P,5,FALSE) -> 3.56 | W51: =0.5 * (V51/1000) * (U51^2) -> 1071.7018 | X51: =VLOOKUP($F51,Munition!$B:$P,15,FALSE) -> 146.62585 | Y51: =VLOOKUP($F51,Munition!$B:$P,9,FALSE) -> 1 | Z51: =VLOOKUP($F51,Munition!$B:$P,14,FALSE) -> 3.7177961e-06 | AA51: =0.0000001 * X51 * (2 * W51 / (V51/1000)) * Y51 -> 8.8280439 | AB51: =0.0000001 * $X51 * (2 * $W51 * EXP(-(2*$Z51/($V51/1000)) * J51) / ($V51/1000)) * $Y51 -> 8.1035224 | AC51: =0.0000001 * $X51 * (2 * $W51 * EXP(-(2*$Z51/($V51/1000)) * K51) / ($V51/1000)) * $Y51 -> 7.4384627 | AD51: =0.0000001 * $X51 * (2 * $W51 * EXP(-(2*$Z51/($V51/1000)) * L51) / ($V51/1000)) * $Y51 -> 5.2810539 | AE51: =0.0000001 * $X51 * (2 * $W51 * EXP(-(2*$Z51/($V51/1000)) * M51) / ($V51/1000)) * $Y51 -> 3.1591971 | AF51: =IF(INT(SQRT(W51)/12)=0, MOD(INT(SQRT(W51)/4),3), INT(SQRT(W51)/12) & "D6" & IF(MOD(INT(SQRT(W51)/4),3)=0, "", "+" & MOD(INT(SQRT(W51)/4),3))) -> 2D6+2 | AG51: =IF((SQRT($W51)*(7/AA51))>=(SQRT($W51)),"-",IF(INT(SQRT($W51)*(7/AA51)/12)=0, MOD(INT(SQRT($W51)*(7/AA51)/4),3), INT(SQRT($W51)*(7/AA51)/12) & IF(MOD(INT(SQRT($W51)*(7/AA51)/4),3)=0, "", "+" & MOD(INT(SQRT($W51)*(7/AA51)/4),3)))) -> 2 | AH51: =IF((SQRT($W51)*(7/AB51))>=(SQRT($W51)),"-",IF(INT(SQRT($W51)*(7/AB51)/12)=0, MOD(INT(SQRT($W51)*(7/AB51)/4),3), INT(SQRT($W51)*(7/AB51)/12) & IF(MOD(INT(SQRT($W51)*(7/AB51)/4),3)=0, "", "+" & MOD(INT(SQRT($W51)*(7/AB51)/4),3)))) -> 2+1 | AI51: =IF((SQRT($W51)*(7/AC51))>=(SQRT($W51)),"-",IF(INT(SQRT($W51)*(7/AC51)/12)=0, MOD(INT(SQRT($W51)*(7/AC51)/4),3), INT(SQRT($W51)*(7/AC51)/12) & IF(MOD(INT(SQRT($W51)*(7/AC51)/4),3)=0, "", "+" & MOD(INT(SQRT($W51)*(7/AC51)/4),3)))) -> 2+1 | AJ51: =IF((SQRT($W51)*(7/AD51))>=(SQRT($W51)),"-",IF(INT(SQRT($W51)*(7/AD51)/12)=0, MOD(INT(SQRT($W51)*(7/AD51)/4),3), INT(SQRT($W51)*(7/AD51)/12) & IF(MOD(INT(SQRT($W51)*(7/AD51)/4),3)=0, "", "+" & MOD(INT(SQRT($W51)*(7/AD51)/4),3)))) -> - | AK51: 1984
A52: Armes à feu\Mitrailleuse | B52: CETME - CETMI Ameli | C52: powder_projectiles | D52: powder_projectiles | F52: 7,62 N | G52: 7,62x51 | H52: 6.151 | I52: 15.7 | J52: 100 | K52: 200 | L52: 600 | M52: 1200 | O52: 5 | P52: 50 | Q52: 9/85 | R52: 9 | S52: =VLOOKUP($F52,Munition!$B:$P,10,FALSE) -> 22 | T52: =VLOOKUP($F52,Munition!$B:$P,11,FALSE) -> 832 | U52: =T52 * POWER(I52/S52,0.25) -> 764.7026 | V52: =VLOOKUP($F52,Munition!$B:$P,5,FALSE) -> 9.45 | W52: =0.5 * (V52/1000) * (U52^2) -> 2763.0386 | X52: =VLOOKUP($F52,Munition!$B:$P,15,FALSE) -> 207.22015 | Y52: =VLOOKUP($F52,Munition!$B:$P,9,FALSE) -> 1 | Z52: =VLOOKUP($F52,Munition!$B:$P,14,FALSE) -> 6.9830624e-06 | AA52: =0.0000001 * X52 * (2 * W52 / (V52/1000)) * Y52 -> 12.117614 | AB52: =0.0000001 * $X52 * (2 * $W52 * EXP(-(2*$Z52/($V52/1000)) * J52) / ($V52/1000)) * $Y52 -> 10.452806 | AC52: =0.0000001 * $X52 * (2 * $W52 * EXP(-(2*$Z52/($V52/1000)) * K52) / ($V52/1000)) * $Y52 -> 9.0167211 | AD52: =0.0000001 * $X52 * (2 * $W52 * EXP(-(2*$Z52/($V52/1000)) * L52) / ($V52/1000)) * $Y52 -> 4.9924263 | AE52: =0.0000001 * $X52 * (2 * $W52 * EXP(-(2*$Z52/($V52/1000)) * M52) / ($V52/1000)) * $Y52 -> 2.056867 | AF52: =IF(INT(SQRT(W52)/12)=0, MOD(INT(SQRT(W52)/4),3), INT(SQRT(W52)/12) & "D6" & IF(MOD(INT(SQRT(W52)/4),3)=0, "", "+" & MOD(INT(SQRT(W52)/4),3))) -> 4D6+1 | AG52: =IF((SQRT($W52)*(7/AA52))>=(SQRT($W52)),"-",IF(INT(SQRT($W52)*(7/AA52)/12)=0, MOD(INT(SQRT($W52)*(7/AA52)/4),3), INT(SQRT($W52)*(7/AA52)/12) & IF(MOD(INT(SQRT($W52)*(7/AA52)/4),3)=0, "", "+" & MOD(INT(SQRT($W52)*(7/AA52)/4),3)))) -> 2+1 | AH52: =IF((SQRT($W52)*(7/AB52))>=(SQRT($W52)),"-",IF(INT(SQRT($W52)*(7/AB52)/12)=0, MOD(INT(SQRT($W52)*(7/AB52)/4),3), INT(SQRT($W52)*(7/AB52)/12) & IF(MOD(INT(SQRT($W52)*(7/AB52)/4),3)=0, "", "+" & MOD(INT(SQRT($W52)*(7/AB52)/4),3)))) -> 2+2 | AI52: =IF((SQRT($W52)*(7/AC52))>=(SQRT($W52)),"-",IF(INT(SQRT($W52)*(7/AC52)/12)=0, MOD(INT(SQRT($W52)*(7/AC52)/4),3), INT(SQRT($W52)*(7/AC52)/12) & IF(MOD(INT(SQRT($W52)*(7/AC52)/4),3)=0, "", "+" & MOD(INT(SQRT($W52)*(7/AC52)/4),3)))) -> 3+1 | AJ52: =IF((SQRT($W52)*(7/AD52))>=(SQRT($W52)),"-",IF(INT(SQRT($W52)*(7/AD52)/12)=0, MOD(INT(SQRT($W52)*(7/AD52)/4),3), INT(SQRT($W52)*(7/AD52)/12) & IF(MOD(INT(SQRT($W52)*(7/AD52)/4),3)=0, "", "+" & MOD(INT(SQRT($W52)*(7/AD52)/4),3)))) -> - | AK52: 1982
A53: Armes à feu\Fusil | B53: Chauchat - RSC Mle1918 | C53: powder_projectiles | D53: powder_projectiles | F53: 8mm Lebel | G53: 8x51 | H53: 4.7 | I53: 31.5 | J53: 83 | K53: 166 | L53: 498 | M53: 996 | N53: 2 | P53: 5 | Q53: SA | R53: 1 | S53: =VLOOKUP($F53,Munition!$B:$P,10,FALSE) -> 24 | T53: =VLOOKUP($F53,Munition!$B:$P,11,FALSE) -> 735 | U53: =T53 * POWER(I53/S53,0.25) -> 786.70547 | V53: =VLOOKUP($F53,Munition!$B:$P,5,FALSE) -> 12.5 | W53: =0.5 * (V53/1000) * (U53^2) -> 3868.1593 | X53: =VLOOKUP($F53,Munition!$B:$P,15,FALSE) -> 248.6796 | Y53: =VLOOKUP($F53,Munition!$B:$P,9,FALSE) -> 1 | Z53: =VLOOKUP($F53,Munition!$B:$P,14,FALSE) -> 9.2362824e-06 | AA53: =0.0000001 * X53 * (2 * W53 / (V53/1000)) * Y53 -> 15.390917 | AB53: =0.0000001 * $X53 * (2 * $W53 * EXP(-(2*$Z53/($V53/1000)) * J53) / ($V53/1000)) * $Y53 -> 13.614286 | AC53: =0.0000001 * $X53 * (2 * $W53 * EXP(-(2*$Z53/($V53/1000)) * K53) / ($V53/1000)) * $Y53 -> 12.042738 | AD53: =0.0000001 * $X53 * (2 * $W53 * EXP(-(2*$Z53/($V53/1000)) * L53) / ($V53/1000)) * $Y53 -> 7.3730432 | AE53: =0.0000001 * $X53 * (2 * $W53 * EXP(-(2*$Z53/($V53/1000)) * M53) / ($V53/1000)) * $Y53 -> 3.5320681 | AF53: =IF(INT(SQRT(W53)/12)=0, MOD(INT(SQRT(W53)/4),3), INT(SQRT(W53)/12) & "D6" & IF(MOD(INT(SQRT(W53)/4),3)=0, "", "+" & MOD(INT(SQRT(W53)/4),3))) -> 5D6 | AG53: =IF((SQRT($W53)*(7/AA53))>=(SQRT($W53)),"-",IF(INT(SQRT($W53)*(7/AA53)/12)=0, MOD(INT(SQRT($W53)*(7/AA53)/4),3), INT(SQRT($W53)*(7/AA53)/12) & IF(MOD(INT(SQRT($W53)*(7/AA53)/4),3)=0, "", "+" & MOD(INT(SQRT($W53)*(7/AA53)/4),3)))) -> 2+1 | AH53: =IF((SQRT($W53)*(7/AB53))>=(SQRT($W53)),"-",IF(INT(SQRT($W53)*(7/AB53)/12)=0, MOD(INT(SQRT($W53)*(7/AB53)/4),3), INT(SQRT($W53)*(7/AB53)/12) & IF(MOD(INT(SQRT($W53)*(7/AB53)/4),3)=0, "", "+" & MOD(INT(SQRT($W53)*(7/AB53)/4),3)))) -> 2+1 | AI53: =IF((SQRT($W53)*(7/AC53))>=(SQRT($W53)),"-",IF(INT(SQRT($W53)*(7/AC53)/12)=0, MOD(INT(SQRT($W53)*(7/AC53)/4),3), INT(SQRT($W53)*(7/AC53)/12) & IF(MOD(INT(SQRT($W53)*(7/AC53)/4),3)=0, "", "+" & MOD(INT(SQRT($W53)*(7/AC53)/4),3)))) -> 3 | AJ53: =IF((SQRT($W53)*(7/AD53))>=(SQRT($W53)),"-",IF(INT(SQRT($W53)*(7/AD53)/12)=0, MOD(INT(SQRT($W53)*(7/AD53)/4),3), INT(SQRT($W53)*(7/AD53)/12) & IF(MOD(INT(SQRT($W53)*(7/AD53)/4),3)=0, "", "+" & MOD(INT(SQRT($W53)*(7/AD53)/4),3)))) -> 4+2 | AK53: 1918
A54: Armes à feu\Fusil Sniper | B54: CKIB - VKS - Vychlop | C54: powder_projectiles | D54: powder_projectiles | F54: STS-130 TP | G54: 12,7x55 | H54: 7 | I54: 17 | J54: 100 | K54: 200 | L54: 600 | M54: 1200 | N54: 1 | P54: 5 | Q54: SA | R54: 1 | S54: =VLOOKUP($F54,Munition!$B:$P,10,FALSE) -> 17 | T54: =VLOOKUP($F54,Munition!$B:$P,11,FALSE) -> 295 | U54: =T54 * POWER(I54/S54,0.25) -> 295 | V54: =VLOOKUP($F54,Munition!$B:$P,5,FALSE) -> 59 | W54: =0.5 * (V54/1000) * (U54^2) -> 2567.2375 | X54: =VLOOKUP($F54,Munition!$B:$P,15,FALSE) -> 465.75196 | Y54: =VLOOKUP($F54,Munition!$B:$P,9,FALSE) -> 1 | Z54: =VLOOKUP($F54,Munition!$B:$P,14,FALSE) -> 3.1035833e-05 | AA54: =0.0000001 * X54 * (2 * W54 / (V54/1000)) * Y54 -> 4.0532064 | AB54: =0.0000001 * $X54 * (2 * $W54 * EXP(-(2*$Z54/($V54/1000)) * J54) / ($V54/1000)) * $Y54 -> 3.6484487 | AC54: =0.0000001 * $X54 * (2 * $W54 * EXP(-(2*$Z54/($V54/1000)) * K54) / ($V54/1000)) * $Y54 -> 3.2841105 | AD54: =0.0000001 * $X54 * (2 * $W54 * EXP(-(2*$Z54/($V54/1000)) * L54) / ($V54/1000)) * $Y54 -> 2.1560352 | AE54: =0.0000001 * $X54 * (2 * $W54 * EXP(-(2*$Z54/($V54/1000)) * M54) / ($V54/1000)) * $Y54 -> 1.1468668 | AF54: =IF(INT(SQRT(W54)/12)=0, MOD(INT(SQRT(W54)/4),3), INT(SQRT(W54)/12) & "D6" & IF(MOD(INT(SQRT(W54)/4),3)=0, "", "+" & MOD(INT(SQRT(W54)/4),3))) -> 4D6 | AG54: =IF((SQRT($W54)*(7/AA54))>=(SQRT($W54)),"-",IF(INT(SQRT($W54)*(7/AA54)/12)=0, MOD(INT(SQRT($W54)*(7/AA54)/4),3), INT(SQRT($W54)*(7/AA54)/12) & IF(MOD(INT(SQRT($W54)*(7/AA54)/4),3)=0, "", "+" & MOD(INT(SQRT($W54)*(7/AA54)/4),3)))) -> - | AH54: =IF((SQRT($W54)*(7/AB54))>=(SQRT($W54)),"-",IF(INT(SQRT($W54)*(7/AB54)/12)=0, MOD(INT(SQRT($W54)*(7/AB54)/4),3), INT(SQRT($W54)*(7/AB54)/12) & IF(MOD(INT(SQRT($W54)*(7/AB54)/4),3)=0, "", "+" & MOD(INT(SQRT($W54)*(7/AB54)/4),3)))) -> - | AI54: =IF((SQRT($W54)*(7/AC54))>=(SQRT($W54)),"-",IF(INT(SQRT($W54)*(7/AC54)/12)=0, MOD(INT(SQRT($W54)*(7/AC54)/4),3), INT(SQRT($W54)*(7/AC54)/12) & IF(MOD(INT(SQRT($W54)*(7/AC54)/4),3)=0, "", "+" & MOD(INT(SQRT($W54)*(7/AC54)/4),3)))) -> - | AJ54: =IF((SQRT($W54)*(7/AD54))>=(SQRT($W54)),"-",IF(INT(SQRT($W54)*(7/AD54)/12)=0, MOD(INT(SQRT($W54)*(7/AD54)/4),3), INT(SQRT($W54)*(7/AD54)/12) & IF(MOD(INT(SQRT($W54)*(7/AD54)/4),3)=0, "", "+" & MOD(INT(SQRT($W54)*(7/AD54)/4),3)))) -> - | AK54: 2002
A55: Armes à feu\revolver | B55: Colt - Special police | C55: powder_projectiles | D55: powder_projectiles | F55: .38 Special | G55: 9x29 | H55: 0.95 | I55: 4 | J55: 2 | K55: 4 | L55: 12 | M55: 24 | N55: 2 | P55: 6 | Q55: BA | R55: 1 | S55: =VLOOKUP($F55,Munition!$B:$P,10,FALSE) -> 4 | T55: =VLOOKUP($F55,Munition!$B:$P,11,FALSE) -> 260 | U55: =T55 * POWER(I55/S55,0.25) -> 260 | V55: =VLOOKUP($F55,Munition!$B:$P,5,FALSE) -> 10.6 | W55: =0.5 * (V55/1000) * (U55^2) -> 358.28 | X55: =VLOOKUP($F55,Munition!$B:$P,15,FALSE) -> 166.62147 | Y55: =VLOOKUP($F55,Munition!$B:$P,9,FALSE) -> 1 | Z55: =VLOOKUP($F55,Munition!$B:$P,14,FALSE) -> 1.7534505e-05 | AA55: =0.0000001 * X55 * (2 * W55 / (V55/1000)) * Y55 -> 1.1263611 | AB55: =0.0000001 * $X55 * (2 * $W55 * EXP(-(2*$Z55/($V55/1000)) * J55) / ($V55/1000)) * $Y55 -> 1.1189328 | AC55: =0.0000001 * $X55 * (2 * $W55 * EXP(-(2*$Z55/($V55/1000)) * K55) / ($V55/1000)) * $Y55 -> 1.1115535 | AD55: =0.0000001 * $X55 * (2 * $W55 * EXP(-(2*$Z55/($V55/1000)) * L55) / ($V55/1000)) * $Y55 -> 1.0825198 | AE55: =0.0000001 * $X55 * (2 * $W55 * EXP(-(2*$Z55/($V55/1000)) * M55) / ($V55/1000)) * $Y55 -> 1.0403848 | AF55: =IF(INT(SQRT(W55)/12)=0, MOD(INT(SQRT(W55)/4),3), INT(SQRT(W55)/12) & "D6" & IF(MOD(INT(SQRT(W55)/4),3)=0, "", "+" & MOD(INT(SQRT(W55)/4),3))) -> 1D6+1 | AG55: =IF((SQRT($W55)*(7/AA55))>=(SQRT($W55)),"-",IF(INT(SQRT($W55)*(7/AA55)/12)=0, MOD(INT(SQRT($W55)*(7/AA55)/4),3), INT(SQRT($W55)*(7/AA55)/12) & IF(MOD(INT(SQRT($W55)*(7/AA55)/4),3)=0, "", "+" & MOD(INT(SQRT($W55)*(7/AA55)/4),3)))) -> - | AH55: =IF((SQRT($W55)*(7/AB55))>=(SQRT($W55)),"-",IF(INT(SQRT($W55)*(7/AB55)/12)=0, MOD(INT(SQRT($W55)*(7/AB55)/4),3), INT(SQRT($W55)*(7/AB55)/12) & IF(MOD(INT(SQRT($W55)*(7/AB55)/4),3)=0, "", "+" & MOD(INT(SQRT($W55)*(7/AB55)/4),3)))) -> - | AI55: =IF((SQRT($W55)*(7/AC55))>=(SQRT($W55)),"-",IF(INT(SQRT($W55)*(7/AC55)/12)=0, MOD(INT(SQRT($W55)*(7/AC55)/4),3), INT(SQRT($W55)*(7/AC55)/12) & IF(MOD(INT(SQRT($W55)*(7/AC55)/4),3)=0, "", "+" & MOD(INT(SQRT($W55)*(7/AC55)/4),3)))) -> - | AJ55: =IF((SQRT($W55)*(7/AD55))>=(SQRT($W55)),"-",IF(INT(SQRT($W55)*(7/AD55)/12)=0, MOD(INT(SQRT($W55)*(7/AD55)/4),3), INT(SQRT($W55)*(7/AD55)/12) & IF(MOD(INT(SQRT($W55)*(7/AD55)/4),3)=0, "", "+" & MOD(INT(SQRT($W55)*(7/AD55)/4),3)))) -> - | AK55: 1927
A56: Armes à feu\revolver | B56: Colt - .44 anaconda 8' | C56: powder_projectiles | D56: powder_projectiles | F56: .44 Magnum | G56: 10,9x41 | H56: 1.67 | I56: 8 | J56: 12 | K56: 24 | L56: 72 | M56: 144 | N56: 3 | P56: 6 | Q56: BA | R56: 1 | S56: =VLOOKUP($F56,Munition!$B:$P,10,FALSE) -> 5 | T56: =VLOOKUP($F56,Munition!$B:$P,11,FALSE) -> 450 | U56: =T56 * POWER(I56/S56,0.25) -> 506.10719 | V56: =VLOOKUP($F56,Munition!$B:$P,5,FALSE) -> 19 | W56: =0.5 * (V56/1000) * (U56^2) -> 2433.3727 | X56: =VLOOKUP($F56,Munition!$B:$P,15,FALSE) -> 185.17027 | Y56: =VLOOKUP($F56,Munition!$B:$P,9,FALSE) -> 1 | Z56: =VLOOKUP($F56,Munition!$B:$P,14,FALSE) -> 2.8281403e-05 | AA56: =0.0000001 * X56 * (2 * W56 / (V56/1000)) * Y56 -> 4.7430344 | AB56: =0.0000001 * $X56 * (2 * $W56 * EXP(-(2*$Z56/($V56/1000)) * J56) / ($V56/1000)) * $Y56 -> 4.5765857 | AC56: =0.0000001 * $X56 * (2 * $W56 * EXP(-(2*$Z56/($V56/1000)) * K56) / ($V56/1000)) * $Y56 -> 4.4159781 | AD56: =0.0000001 * $X56 * (2 * $W56 * EXP(-(2*$Z56/($V56/1000)) * L56) / ($V56/1000)) * $Y56 -> 3.827967 | AE56: =0.0000001 * $X56 * (2 * $W56 * EXP(-(2*$Z56/($V56/1000)) * M56) / ($V56/1000)) * $Y56 -> 3.0894423 | AF56: =IF(INT(SQRT(W56)/12)=0, MOD(INT(SQRT(W56)/4),3), INT(SQRT(W56)/12) & "D6" & IF(MOD(INT(SQRT(W56)/4),3)=0, "", "+" & MOD(INT(SQRT(W56)/4),3))) -> 4D6 | AG56: =IF((SQRT($W56)*(7/AA56))>=(SQRT($W56)),"-",IF(INT(SQRT($W56)*(7/AA56)/12)=0, MOD(INT(SQRT($W56)*(7/AA56)/4),3), INT(SQRT($W56)*(7/AA56)/12) & IF(MOD(INT(SQRT($W56)*(7/AA56)/4),3)=0, "", "+" & MOD(INT(SQRT($W56)*(7/AA56)/4),3)))) -> - | AH56: =IF((SQRT($W56)*(7/AB56))>=(SQRT($W56)),"-",IF(INT(SQRT($W56)*(7/AB56)/12)=0, MOD(INT(SQRT($W56)*(7/AB56)/4),3), INT(SQRT($W56)*(7/AB56)/12) & IF(MOD(INT(SQRT($W56)*(7/AB56)/4),3)=0, "", "+" & MOD(INT(SQRT($W56)*(7/AB56)/4),3)))) -> - | AI56: =IF((SQRT($W56)*(7/AC56))>=(SQRT($W56)),"-",IF(INT(SQRT($W56)*(7/AC56)/12)=0, MOD(INT(SQRT($W56)*(7/AC56)/4),3), INT(SQRT($W56)*(7/AC56)/12) & IF(MOD(INT(SQRT($W56)*(7/AC56)/4),3)=0, "", "+" & MOD(INT(SQRT($W56)*(7/AC56)/4),3)))) -> - | AJ56: =IF((SQRT($W56)*(7/AD56))>=(SQRT($W56)),"-",IF(INT(SQRT($W56)*(7/AD56)/12)=0, MOD(INT(SQRT($W56)*(7/AD56)/4),3), INT(SQRT($W56)*(7/AD56)/12) & IF(MOD(INT(SQRT($W56)*(7/AD56)/4),3)=0, "", "+" & MOD(INT(SQRT($W56)*(7/AD56)/4),3)))) -> - | AK56: 1990
A57: Armes à feu\Fusil d'assaut | B57: Colt - AR 15 A2 | C57: powder_projectiles | D57: powder_projectiles | F57: 5,56 M193 | G57: 5,56x45 | H57: 3.5 | I57: 20 | J57: 50 | K57: 100 | L57: 300 | M57: 600 | N57: 2 | P57: 30 | Q57: S A | R57: 1 | S57: =VLOOKUP($F57,Munition!$B:$P,10,FALSE) -> 20 | T57: =VLOOKUP($F57,Munition!$B:$P,11,FALSE) -> 878 | U57: =T57 * POWER(I57/S57,0.25) -> 878 | V57: =VLOOKUP($F57,Munition!$B:$P,5,FALSE) -> 3.56 | W57: =0.5 * (V57/1000) * (U57^2) -> 1372.1735 | X57: =VLOOKUP($F57,Munition!$B:$P,15,FALSE) -> 146.62585 | Y57: =VLOOKUP($F57,Munition!$B:$P,9,FALSE) -> 1 | Z57: =VLOOKUP($F57,Munition!$B:$P,14,FALSE) -> 3.7177961e-06 | AA57: =0.0000001 * X57 * (2 * W57 / (V57/1000)) * Y57 -> 11.303152 | AB57: =0.0000001 * $X57 * (2 * $W57 * EXP(-(2*$Z57/($V57/1000)) * J57) / ($V57/1000)) * $Y57 -> 10.182282 | AC57: =0.0000001 * $X57 * (2 * $W57 * EXP(-(2*$Z57/($V57/1000)) * K57) / ($V57/1000)) * $Y57 -> 9.1725623 | AD57: =0.0000001 * $X57 * (2 * $W57 * EXP(-(2*$Z57/($V57/1000)) * L57) / ($V57/1000)) * $Y57 -> 6.0404999 | AE57: =0.0000001 * $X57 * (2 * $W57 * EXP(-(2*$Z57/($V57/1000)) * M57) / ($V57/1000)) * $Y57 -> 3.2280942 | AF57: =IF(INT(SQRT(W57)/12)=0, MOD(INT(SQRT(W57)/4),3), INT(SQRT(W57)/12) & "D6" & IF(MOD(INT(SQRT(W57)/4),3)=0, "", "+" & MOD(INT(SQRT(W57)/4),3))) -> 3D6 | AG57: =IF((SQRT($W57)*(7/AA57))>=(SQRT($W57)),"-",IF(INT(SQRT($W57)*(7/AA57)/12)=0, MOD(INT(SQRT($W57)*(7/AA57)/4),3), INT(SQRT($W57)*(7/AA57)/12) & IF(MOD(INT(SQRT($W57)*(7/AA57)/4),3)=0, "", "+" & MOD(INT(SQRT($W57)*(7/AA57)/4),3)))) -> 1+2 | AH57: =IF((SQRT($W57)*(7/AB57))>=(SQRT($W57)),"-",IF(INT(SQRT($W57)*(7/AB57)/12)=0, MOD(INT(SQRT($W57)*(7/AB57)/4),3), INT(SQRT($W57)*(7/AB57)/12) & IF(MOD(INT(SQRT($W57)*(7/AB57)/4),3)=0, "", "+" & MOD(INT(SQRT($W57)*(7/AB57)/4),3)))) -> 2 | AI57: =IF((SQRT($W57)*(7/AC57))>=(SQRT($W57)),"-",IF(INT(SQRT($W57)*(7/AC57)/12)=0, MOD(INT(SQRT($W57)*(7/AC57)/4),3), INT(SQRT($W57)*(7/AC57)/12) & IF(MOD(INT(SQRT($W57)*(7/AC57)/4),3)=0, "", "+" & MOD(INT(SQRT($W57)*(7/AC57)/4),3)))) -> 2+1 | AJ57: =IF((SQRT($W57)*(7/AD57))>=(SQRT($W57)),"-",IF(INT(SQRT($W57)*(7/AD57)/12)=0, MOD(INT(SQRT($W57)*(7/AD57)/4),3), INT(SQRT($W57)*(7/AD57)/12) & IF(MOD(INT(SQRT($W57)*(7/AD57)/4),3)=0, "", "+" & MOD(INT(SQRT($W57)*(7/AD57)/4),3)))) -> - | AK57: 1963
A58: Armes à feu\Fusil d'assaut | B58: Colt - CAR 15 (M177) | C58: powder_projectiles | D58: powder_projectiles | F58: 5,56 M193 | G58: 5,56x45 | H58: 2.78 | I58: 10 | J58: 50 | K58: 100 | L58: 300 | M58: 600 | N58: 2 | P58: 30 | Q58: 1 | R58: 1 | S58: =VLOOKUP($F58,Munition!$B:$P,10,FALSE) -> 20 | T58: =VLOOKUP($F58,Munition!$B:$P,11,FALSE) -> 878 | U58: =T58 * POWER(I58/S58,0.25) -> 738.30705 | V58: =VLOOKUP($F58,Munition!$B:$P,5,FALSE) -> 3.56 | W58: =0.5 * (V58/1000) * (U58^2) -> 970.2732 | X58: =VLOOKUP($F58,Munition!$B:$P,15,FALSE) -> 146.62585 | Y58: =VLOOKUP($F58,Munition!$B:$P,9,FALSE) -> 1 | Z58: =VLOOKUP($F58,Munition!$B:$P,14,FALSE) -> 3.7177961e-06 | AA58: =0.0000001 * X58 * (2 * W58 / (V58/1000)) * Y58 -> 7.9925354 | AB58: =0.0000001 * $X58 * (2 * $W58 * EXP(-(2*$Z58/($V58/1000)) * J58) / ($V58/1000)) * $Y58 -> 7.1999606 | AC58: =0.0000001 * $X58 * (2 * $W58 * EXP(-(2*$Z58/($V58/1000)) * K58) / ($V58/1000)) * $Y58 -> 6.485981 | AD58: =0.0000001 * $X58 * (2 * $W58 * EXP(-(2*$Z58/($V58/1000)) * L58) / ($V58/1000)) * $Y58 -> 4.2712784 | AE58: =0.0000001 * $X58 * (2 * $W58 * EXP(-(2*$Z58/($V58/1000)) * M58) / ($V58/1000)) * $Y58 -> 2.2826073 | AF58: =IF(INT(SQRT(W58)/12)=0, MOD(INT(SQRT(W58)/4),3), INT(SQRT(W58)/12) & "D6" & IF(MOD(INT(SQRT(W58)/4),3)=0, "", "+" & MOD(INT(SQRT(W58)/4),3))) -> 2D6+1 | AG58: =IF((SQRT($W58)*(7/AA58))>=(SQRT($W58)),"-",IF(INT(SQRT($W58)*(7/AA58)/12)=0, MOD(INT(SQRT($W58)*(7/AA58)/4),3), INT(SQRT($W58)*(7/AA58)/12) & IF(MOD(INT(SQRT($W58)*(7/AA58)/4),3)=0, "", "+" & MOD(INT(SQRT($W58)*(7/AA58)/4),3)))) -> 2 | AH58: =IF((SQRT($W58)*(7/AB58))>=(SQRT($W58)),"-",IF(INT(SQRT($W58)*(7/AB58)/12)=0, MOD(INT(SQRT($W58)*(7/AB58)/4),3), INT(SQRT($W58)*(7/AB58)/12) & IF(MOD(INT(SQRT($W58)*(7/AB58)/4),3)=0, "", "+" & MOD(INT(SQRT($W58)*(7/AB58)/4),3)))) -> 2+1 | AI58: =IF((SQRT($W58)*(7/AC58))>=(SQRT($W58)),"-",IF(INT(SQRT($W58)*(7/AC58)/12)=0, MOD(INT(SQRT($W58)*(7/AC58)/4),3), INT(SQRT($W58)*(7/AC58)/12) & IF(MOD(INT(SQRT($W58)*(7/AC58)/4),3)=0, "", "+" & MOD(INT(SQRT($W58)*(7/AC58)/4),3)))) -> - | AJ58: =IF((SQRT($W58)*(7/AD58))>=(SQRT($W58)),"-",IF(INT(SQRT($W58)*(7/AD58)/12)=0, MOD(INT(SQRT($W58)*(7/AD58)/4),3), INT(SQRT($W58)*(7/AD58)/12) & IF(MOD(INT(SQRT($W58)*(7/AD58)/4),3)=0, "", "+" & MOD(INT(SQRT($W58)*(7/AD58)/4),3)))) -> - | AK58: 1966
A59: Armes à feu\revolver | B59: Colt - Colt Police 12" | C59: powder_projectiles | D59: powder_projectiles | F59: .38 special | G59: 9x29 | H59: 1.1 | I59: 12 | J59: 5 | K59: 10 | L59: 30 | M59: 60 | N59: 2 | P59: 6 | Q59: DAR | R59: 1 | S59: =VLOOKUP($F59,Munition!$B:$P,10,FALSE) -> 4 | T59: =VLOOKUP($F59,Munition!$B:$P,11,FALSE) -> 260 | U59: =T59 * POWER(I59/S59,0.25) -> 342.17924 | V59: =VLOOKUP($F59,Munition!$B:$P,5,FALSE) -> 10.6 | W59: =0.5 * (V59/1000) * (U59^2) -> 620.55916 | X59: =VLOOKUP($F59,Munition!$B:$P,15,FALSE) -> 166.62147 | Y59: =VLOOKUP($F59,Munition!$B:$P,9,FALSE) -> 1 | Z59: =VLOOKUP($F59,Munition!$B:$P,14,FALSE) -> 1.7534505e-05 | AA59: =0.0000001 * X59 * (2 * W59 / (V59/1000)) * Y59 -> 1.9509147 | AB59: =0.0000001 * $X59 * (2 * $W59 * EXP(-(2*$Z59/($V59/1000)) * J59) / ($V59/1000)) * $Y59 -> 1.9189082 | AC59: =0.0000001 * $X59 * (2 * $W59 * EXP(-(2*$Z59/($V59/1000)) * K59) / ($V59/1000)) * $Y59 -> 1.8874267 | AD59: =0.0000001 * $X59 * (2 * $W59 * EXP(-(2*$Z59/($V59/1000)) * L59) / ($V59/1000)) * $Y59 -> 1.7665817 | AE59: =0.0000001 * $X59 * (2 * $W59 * EXP(-(2*$Z59/($V59/1000)) * M59) / ($V59/1000)) * $Y59 -> 1.5996655 | AF59: =IF(INT(SQRT(W59)/12)=0, MOD(INT(SQRT(W59)/4),3), INT(SQRT(W59)/12) & "D6" & IF(MOD(INT(SQRT(W59)/4),3)=0, "", "+" & MOD(INT(SQRT(W59)/4),3))) -> 2D6 | AG59: =IF((SQRT($W59)*(7/AA59))>=(SQRT($W59)),"-",IF(INT(SQRT($W59)*(7/AA59)/12)=0, MOD(INT(SQRT($W59)*(7/AA59)/4),3), INT(SQRT($W59)*(7/AA59)/12) & IF(MOD(INT(SQRT($W59)*(7/AA59)/4),3)=0, "", "+" & MOD(INT(SQRT($W59)*(7/AA59)/4),3)))) -> - | AH59: =IF((SQRT($W59)*(7/AB59))>=(SQRT($W59)),"-",IF(INT(SQRT($W59)*(7/AB59)/12)=0, MOD(INT(SQRT($W59)*(7/AB59)/4),3), INT(SQRT($W59)*(7/AB59)/12) & IF(MOD(INT(SQRT($W59)*(7/AB59)/4),3)=0, "", "+" & MOD(INT(SQRT($W59)*(7/AB59)/4),3)))) -> - | AI59: =IF((SQRT($W59)*(7/AC59))>=(SQRT($W59)),"-",IF(INT(SQRT($W59)*(7/AC59)/12)=0, MOD(INT(SQRT($W59)*(7/AC59)/4),3), INT(SQRT($W59)*(7/AC59)/12) & IF(MOD(INT(SQRT($W59)*(7/AC59)/4),3)=0, "", "+" & MOD(INT(SQRT($W59)*(7/AC59)/4),3)))) -> - | AJ59: =IF((SQRT($W59)*(7/AD59))>=(SQRT($W59)),"-",IF(INT(SQRT($W59)*(7/AD59)/12)=0, MOD(INT(SQRT($W59)*(7/AD59)/4),3), INT(SQRT($W59)*(7/AD59)/12) & IF(MOD(INT(SQRT($W59)*(7/AD59)/4),3)=0, "", "+" & MOD(INT(SQRT($W59)*(7/AD59)/4),3)))) -> - | AK59: 1927
A60: Armes à feu\revolver | B60: Colt - Colt Python 15" | C60: powder_projectiles | D60: powder_projectiles | F60: .357 Magnum | G60: 9x33 | H60: 1.3 | I60: 15 | J60: 5 | K60: 10 | L60: 30 | M60: 60 | N60: 3 | P60: 6 | Q60: DAR | R60: 1 | S60: =VLOOKUP($F60,Munition!$B:$P,10,FALSE) -> 6 | T60: =VLOOKUP($F60,Munition!$B:$P,11,FALSE) -> 395 | U60: =T60 * POWER(I60/S60,0.25) -> 496.6862 | V60: =VLOOKUP($F60,Munition!$B:$P,5,FALSE) -> 10.2 | W60: =0.5 * (V60/1000) * (U60^2) -> 1258.1556 | X60: =VLOOKUP($F60,Munition!$B:$P,15,FALSE) -> 160.33387 | Y60: =VLOOKUP($F60,Munition!$B:$P,9,FALSE) -> 1 | Z60: =VLOOKUP($F60,Munition!$B:$P,14,FALSE) -> 1.7534505e-05 | AA60: =0.0000001 * X60 * (2 * W60 / (V60/1000)) * Y60 -> 3.9553914 | AB60: =0.0000001 * $X60 * (2 * $W60 * EXP(-(2*$Z60/($V60/1000)) * J60) / ($V60/1000)) * $Y60 -> 3.8879766 | AC60: =0.0000001 * $X60 * (2 * $W60 * EXP(-(2*$Z60/($V60/1000)) * K60) / ($V60/1000)) * $Y60 -> 3.8217108 | AD60: =0.0000001 * $X60 * (2 * $W60 * EXP(-(2*$Z60/($V60/1000)) * L60) / ($V60/1000)) * $Y60 -> 3.567751 | AE60: =0.0000001 * $X60 * (2 * $W60 * EXP(-(2*$Z60/($V60/1000)) * M60) / ($V60/1000)) * $Y60 -> 3.2181005 | AF60: =IF(INT(SQRT(W60)/12)=0, MOD(INT(SQRT(W60)/4),3), INT(SQRT(W60)/12) & "D6" & IF(MOD(INT(SQRT(W60)/4),3)=0, "", "+" & MOD(INT(SQRT(W60)/4),3))) -> 2D6+2 | AG60: =IF((SQRT($W60)*(7/AA60))>=(SQRT($W60)),"-",IF(INT(SQRT($W60)*(7/AA60)/12)=0, MOD(INT(SQRT($W60)*(7/AA60)/4),3), INT(SQRT($W60)*(7/AA60)/12) & IF(MOD(INT(SQRT($W60)*(7/AA60)/4),3)=0, "", "+" & MOD(INT(SQRT($W60)*(7/AA60)/4),3)))) -> - | AH60: =IF((SQRT($W60)*(7/AB60))>=(SQRT($W60)),"-",IF(INT(SQRT($W60)*(7/AB60)/12)=0, MOD(INT(SQRT($W60)*(7/AB60)/4),3), INT(SQRT($W60)*(7/AB60)/12) & IF(MOD(INT(SQRT($W60)*(7/AB60)/4),3)=0, "", "+" & MOD(INT(SQRT($W60)*(7/AB60)/4),3)))) -> - | AI60: =IF((SQRT($W60)*(7/AC60))>=(SQRT($W60)),"-",IF(INT(SQRT($W60)*(7/AC60)/12)=0, MOD(INT(SQRT($W60)*(7/AC60)/4),3), INT(SQRT($W60)*(7/AC60)/12) & IF(MOD(INT(SQRT($W60)*(7/AC60)/4),3)=0, "", "+" & MOD(INT(SQRT($W60)*(7/AC60)/4),3)))) -> - | AJ60: =IF((SQRT($W60)*(7/AD60))>=(SQRT($W60)),"-",IF(INT(SQRT($W60)*(7/AD60)/12)=0, MOD(INT(SQRT($W60)*(7/AD60)/4),3), INT(SQRT($W60)*(7/AD60)/12) & IF(MOD(INT(SQRT($W60)*(7/AD60)/4),3)=0, "", "+" & MOD(INT(SQRT($W60)*(7/AD60)/4),3)))) -> - | AK60: 1955
A61: Armes à feu\revolver | B61: Colt - Colt Python 6" | C61: powder_projectiles | D61: powder_projectiles | F61: .357 Magnum | G61: 9x33 | H61: 0.935 | I61: 6 | J61: 2 | K61: 4 | L61: 12 | M61: 24 | N61: 3 | P61: 6 | Q61: DAR | R61: 1 | S61: =VLOOKUP($F61,Munition!$B:$P,10,FALSE) -> 6 | T61: =VLOOKUP($F61,Munition!$B:$P,11,FALSE) -> 395 | U61: =T61 * POWER(I61/S61,0.25) -> 395 | V61: =VLOOKUP($F61,Munition!$B:$P,5,FALSE) -> 10.2 | W61: =0.5 * (V61/1000) * (U61^2) -> 795.7275 | X61: =VLOOKUP($F61,Munition!$B:$P,15,FALSE) -> 160.33387 | Y61: =VLOOKUP($F61,Munition!$B:$P,9,FALSE) -> 1 | Z61: =VLOOKUP($F61,Munition!$B:$P,14,FALSE) -> 1.7534505e-05 | AA61: =0.0000001 * X61 * (2 * W61 / (V61/1000)) * Y61 -> 2.5016092 | AB61: =0.0000001 * $X61 * (2 * $W61 * EXP(-(2*$Z61/($V61/1000)) * J61) / ($V61/1000)) * $Y61 -> 2.4844664 | AC61: =0.0000001 * $X61 * (2 * $W61 * EXP(-(2*$Z61/($V61/1000)) * K61) / ($V61/1000)) * $Y61 -> 2.4674412 | AD61: =0.0000001 * $X61 * (2 * $W61 * EXP(-(2*$Z61/($V61/1000)) * L61) / ($V61/1000)) * $Y61 -> 2.4004988 | AE61: =0.0000001 * $X61 * (2 * $W61 * EXP(-(2*$Z61/($V61/1000)) * M61) / ($V61/1000)) * $Y61 -> 2.3034751 | AF61: =IF(INT(SQRT(W61)/12)=0, MOD(INT(SQRT(W61)/4),3), INT(SQRT(W61)/12) & "D6" & IF(MOD(INT(SQRT(W61)/4),3)=0, "", "+" & MOD(INT(SQRT(W61)/4),3))) -> 2D6+1 | AG61: =IF((SQRT($W61)*(7/AA61))>=(SQRT($W61)),"-",IF(INT(SQRT($W61)*(7/AA61)/12)=0, MOD(INT(SQRT($W61)*(7/AA61)/4),3), INT(SQRT($W61)*(7/AA61)/12) & IF(MOD(INT(SQRT($W61)*(7/AA61)/4),3)=0, "", "+" & MOD(INT(SQRT($W61)*(7/AA61)/4),3)))) -> - | AH61: =IF((SQRT($W61)*(7/AB61))>=(SQRT($W61)),"-",IF(INT(SQRT($W61)*(7/AB61)/12)=0, MOD(INT(SQRT($W61)*(7/AB61)/4),3), INT(SQRT($W61)*(7/AB61)/12) & IF(MOD(INT(SQRT($W61)*(7/AB61)/4),3)=0, "", "+" & MOD(INT(SQRT($W61)*(7/AB61)/4),3)))) -> - | AI61: =IF((SQRT($W61)*(7/AC61))>=(SQRT($W61)),"-",IF(INT(SQRT($W61)*(7/AC61)/12)=0, MOD(INT(SQRT($W61)*(7/AC61)/4),3), INT(SQRT($W61)*(7/AC61)/12) & IF(MOD(INT(SQRT($W61)*(7/AC61)/4),3)=0, "", "+" & MOD(INT(SQRT($W61)*(7/AC61)/4),3)))) -> - | AJ61: =IF((SQRT($W61)*(7/AD61))>=(SQRT($W61)),"-",IF(INT(SQRT($W61)*(7/AD61)/12)=0, MOD(INT(SQRT($W61)*(7/AD61)/4),3), INT(SQRT($W61)*(7/AD61)/12) & IF(MOD(INT(SQRT($W61)*(7/AD61)/4),3)=0, "", "+" & MOD(INT(SQRT($W61)*(7/AD61)/4),3)))) -> - | AK61: 1955
A62: Armes à feu\Pistolet auto | B62: Colt - combat commander | C62: powder_projectiles | D62: powder_projectiles | F62: .45 ACP | G62: 11,43x23 | H62: 0.75 | I62: 4.25 | J62: 6 | K62: 12 | L62: 36 | M62: 72 | N62: 3 | P62: 7 | Q62: SA | R62: 1 | S62: =VLOOKUP($F62,Munition!$B:$P,10,FALSE) -> 5 | T62: =VLOOKUP($F62,Munition!$B:$P,11,FALSE) -> 285 | U62: =T62 * POWER(I62/S62,0.25) -> 273.65261 | V62: =VLOOKUP($F62,Munition!$B:$P,5,FALSE) -> 14.84 | W62: =0.5 * (V62/1000) * (U62^2) -> 555.65226 | X62: =VLOOKUP($F62,Munition!$B:$P,15,FALSE) -> 144.62773 | Y62: =VLOOKUP($F62,Munition!$B:$P,9,FALSE) -> 1 | Z62: =VLOOKUP($F62,Munition!$B:$P,14,FALSE) -> 2.8281403e-05 | AA62: =0.0000001 * X62 * (2 * W62 / (V62/1000)) * Y62 -> 1.0830556 | AB62: =0.0000001 * $X62 * (2 * $W62 * EXP(-(2*$Z62/($V62/1000)) * J62) / ($V62/1000)) * $Y62 -> 1.0585682 | AC62: =0.0000001 * $X62 * (2 * $W62 * EXP(-(2*$Z62/($V62/1000)) * K62) / ($V62/1000)) * $Y62 -> 1.0346344 | AD62: =0.0000001 * $X62 * (2 * $W62 * EXP(-(2*$Z62/($V62/1000)) * L62) / ($V62/1000)) * $Y62 -> 0.9441898 | AE62: =0.0000001 * $X62 * (2 * $W62 * EXP(-(2*$Z62/($V62/1000)) * M62) / ($V62/1000)) * $Y62 -> 0.82312893 | AF62: =IF(INT(SQRT(W62)/12)=0, MOD(INT(SQRT(W62)/4),3), INT(SQRT(W62)/12) & "D6" & IF(MOD(INT(SQRT(W62)/4),3)=0, "", "+" & MOD(INT(SQRT(W62)/4),3))) -> 1D6+2 | AG62: =IF((SQRT($W62)*(7/AA62))>=(SQRT($W62)),"-",IF(INT(SQRT($W62)*(7/AA62)/12)=0, MOD(INT(SQRT($W62)*(7/AA62)/4),3), INT(SQRT($W62)*(7/AA62)/12) & IF(MOD(INT(SQRT($W62)*(7/AA62)/4),3)=0, "", "+" & MOD(INT(SQRT($W62)*(7/AA62)/4),3)))) -> - | AH62: =IF((SQRT($W62)*(7/AB62))>=(SQRT($W62)),"-",IF(INT(SQRT($W62)*(7/AB62)/12)=0, MOD(INT(SQRT($W62)*(7/AB62)/4),3), INT(SQRT($W62)*(7/AB62)/12) & IF(MOD(INT(SQRT($W62)*(7/AB62)/4),3)=0, "", "+" & MOD(INT(SQRT($W62)*(7/AB62)/4),3)))) -> - | AI62: =IF((SQRT($W62)*(7/AC62))>=(SQRT($W62)),"-",IF(INT(SQRT($W62)*(7/AC62)/12)=0, MOD(INT(SQRT($W62)*(7/AC62)/4),3), INT(SQRT($W62)*(7/AC62)/12) & IF(MOD(INT(SQRT($W62)*(7/AC62)/4),3)=0, "", "+" & MOD(INT(SQRT($W62)*(7/AC62)/4),3)))) -> - | AJ62: =IF((SQRT($W62)*(7/AD62))>=(SQRT($W62)),"-",IF(INT(SQRT($W62)*(7/AD62)/12)=0, MOD(INT(SQRT($W62)*(7/AD62)/4),3), INT(SQRT($W62)*(7/AD62)/12) & IF(MOD(INT(SQRT($W62)*(7/AD62)/4),3)=0, "", "+" & MOD(INT(SQRT($W62)*(7/AD62)/4),3)))) -> - | AK62: 1950
A63: Armes à feu\revolver | B63: Colt - détective special | C63: powder_projectiles | D63: powder_projectiles | F63: .38 special | G63: 9x29 | H63: 0.58 | I63: 2 | J63: 2 | K63: 4 | L63: 12 | M63: 24 | N63: 3 | P63: 6 | Q63: DAR | R63: 1 | S63: =VLOOKUP($F63,Munition!$B:$P,10,FALSE) -> 4 | T63: =VLOOKUP($F63,Munition!$B:$P,11,FALSE) -> 260 | U63: =T63 * POWER(I63/S63,0.25) -> 218.63307 | V63: =VLOOKUP($F63,Munition!$B:$P,5,FALSE) -> 10.6 | W63: =0.5 * (V63/1000) * (U63^2) -> 253.34222 | X63: =VLOOKUP($F63,Munition!$B:$P,15,FALSE) -> 166.62147 | Y63: =VLOOKUP($F63,Munition!$B:$P,9,FALSE) -> 1 | Z63: =VLOOKUP($F63,Munition!$B:$P,14,FALSE) -> 1.7534505e-05 | AA63: =0.0000001 * X63 * (2 * W63 / (V63/1000)) * Y63 -> 0.7964576 | AB63: =0.0000001 * $X63 * (2 * $W63 * EXP(-(2*$Z63/($V63/1000)) * J63) / ($V63/1000)) * $Y63 -> 0.79120501 | AC63: =0.0000001 * $X63 * (2 * $W63 * EXP(-(2*$Z63/($V63/1000)) * K63) / ($V63/1000)) * $Y63 -> 0.78598705 | AD63: =0.0000001 * $X63 * (2 * $W63 * EXP(-(2*$Z63/($V63/1000)) * L63) / ($V63/1000)) * $Y63 -> 0.76545707 | AE63: =0.0000001 * $X63 * (2 * $W63 * EXP(-(2*$Z63/($V63/1000)) * M63) / ($V63/1000)) * $Y63 -> 0.73566317 | AF63: =IF(INT(SQRT(W63)/12)=0, MOD(INT(SQRT(W63)/4),3), INT(SQRT(W63)/12) & "D6" & IF(MOD(INT(SQRT(W63)/4),3)=0, "", "+" & MOD(INT(SQRT(W63)/4),3))) -> 1D6 | AG63: =IF((SQRT($W63)*(7/AA63))>=(SQRT($W63)),"-",IF(INT(SQRT($W63)*(7/AA63)/12)=0, MOD(INT(SQRT($W63)*(7/AA63)/4),3), INT(SQRT($W63)*(7/AA63)/12) & IF(MOD(INT(SQRT($W63)*(7/AA63)/4),3)=0, "", "+" & MOD(INT(SQRT($W63)*(7/AA63)/4),3)))) -> - | AH63: =IF((SQRT($W63)*(7/AB63))>=(SQRT($W63)),"-",IF(INT(SQRT($W63)*(7/AB63)/12)=0, MOD(INT(SQRT($W63)*(7/AB63)/4),3), INT(SQRT($W63)*(7/AB63)/12) & IF(MOD(INT(SQRT($W63)*(7/AB63)/4),3)=0, "", "+" & MOD(INT(SQRT($W63)*(7/AB63)/4),3)))) -> - | AI63: =IF((SQRT($W63)*(7/AC63))>=(SQRT($W63)),"-",IF(INT(SQRT($W63)*(7/AC63)/12)=0, MOD(INT(SQRT($W63)*(7/AC63)/4),3), INT(SQRT($W63)*(7/AC63)/12) & IF(MOD(INT(SQRT($W63)*(7/AC63)/4),3)=0, "", "+" & MOD(INT(SQRT($W63)*(7/AC63)/4),3)))) -> - | AJ63: =IF((SQRT($W63)*(7/AD63))>=(SQRT($W63)),"-",IF(INT(SQRT($W63)*(7/AD63)/12)=0, MOD(INT(SQRT($W63)*(7/AD63)/4),3), INT(SQRT($W63)*(7/AD63)/12) & IF(MOD(INT(SQRT($W63)*(7/AD63)/4),3)=0, "", "+" & MOD(INT(SQRT($W63)*(7/AD63)/4),3)))) -> - | AK63: 1927
A64: Armes à feu\Pistolet auto | B64: Colt - Government M380 | C64: powder_projectiles | D64: powder_projectiles | F64: .380 ACP | G64: .380ACP | H64: 0.61 | I64: 3.25 | J64: 10 | K64: 20 | L64: 60 | M64: 120 | N64: 3 | P64: 7 | Q64: SA | R64: 1 | S64: =VLOOKUP($F64,Munition!$B:$P,10,FALSE) -> 3.7 | T64: =VLOOKUP($F64,Munition!$B:$P,11,FALSE) -> 297 | U64: =T64 * POWER(I64/S64,0.25) -> 287.52583 | V64: =VLOOKUP($F64,Munition!$B:$P,5,FALSE) -> 5.68 | W64: =0.5 * (V64/1000) * (U64^2) -> 234.78592 | X64: =VLOOKUP($F64,Munition!$B:$P,15,FALSE) -> 89.283958 | Y64: =VLOOKUP($F64,Munition!$B:$P,9,FALSE) -> 1 | Z64: =VLOOKUP($F64,Munition!$B:$P,14,FALSE) -> 1.5586227e-05 | AA64: =0.0000001 * X64 * (2 * W64 / (V64/1000)) * Y64 -> 0.73812031 | AB64: =0.0000001 * $X64 * (2 * $W64 * EXP(-(2*$Z64/($V64/1000)) * J64) / ($V64/1000)) * $Y64 -> 0.69870299 | AC64: =0.0000001 * $X64 * (2 * $W64 * EXP(-(2*$Z64/($V64/1000)) * K64) / ($V64/1000)) * $Y64 -> 0.66139065 | AD64: =0.0000001 * $X64 * (2 * $W64 * EXP(-(2*$Z64/($V64/1000)) * L64) / ($V64/1000)) * $Y64 -> 0.53103097 | AE64: =0.0000001 * $X64 * (2 * $W64 * EXP(-(2*$Z64/($V64/1000)) * M64) / ($V64/1000)) * $Y64 -> 0.38204327 | AF64: =IF(INT(SQRT(W64)/12)=0, MOD(INT(SQRT(W64)/4),3), INT(SQRT(W64)/12) & "D6" & IF(MOD(INT(SQRT(W64)/4),3)=0, "", "+" & MOD(INT(SQRT(W64)/4),3))) -> 1D6 | AG64: =IF((SQRT($W64)*(7/AA64))>=(SQRT($W64)),"-",IF(INT(SQRT($W64)*(7/AA64)/12)=0, MOD(INT(SQRT($W64)*(7/AA64)/4),3), INT(SQRT($W64)*(7/AA64)/12) & IF(MOD(INT(SQRT($W64)*(7/AA64)/4),3)=0, "", "+" & MOD(INT(SQRT($W64)*(7/AA64)/4),3)))) -> - | AH64: =IF((SQRT($W64)*(7/AB64))>=(SQRT($W64)),"-",IF(INT(SQRT($W64)*(7/AB64)/12)=0, MOD(INT(SQRT($W64)*(7/AB64)/4),3), INT(SQRT($W64)*(7/AB64)/12) & IF(MOD(INT(SQRT($W64)*(7/AB64)/4),3)=0, "", "+" & MOD(INT(SQRT($W64)*(7/AB64)/4),3)))) -> - | AI64: =IF((SQRT($W64)*(7/AC64))>=(SQRT($W64)),"-",IF(INT(SQRT($W64)*(7/AC64)/12)=0, MOD(INT(SQRT($W64)*(7/AC64)/4),3), INT(SQRT($W64)*(7/AC64)/12) & IF(MOD(INT(SQRT($W64)*(7/AC64)/4),3)=0, "", "+" & MOD(INT(SQRT($W64)*(7/AC64)/4),3)))) -> - | AJ64: =IF((SQRT($W64)*(7/AD64))>=(SQRT($W64)),"-",IF(INT(SQRT($W64)*(7/AD64)/12)=0, MOD(INT(SQRT($W64)*(7/AD64)/4),3), INT(SQRT($W64)*(7/AD64)/12) & IF(MOD(INT(SQRT($W64)*(7/AD64)/4),3)=0, "", "+" & MOD(INT(SQRT($W64)*(7/AD64)/4),3)))) -> - | AK64: 1983
A65: Armes à feu\Fusil d'assaut | B65: Colt - M16 A1 | C65: powder_projectiles | D65: powder_projectiles | F65: 5,56 M193 | G65: 5,56x45 | H65: 3.1 | I65: 20 | J65: 41 | K65: 82 | L65: 246 | M65: 492 | N65: 2 | O65: 10 | P65: 30 | Q65: 1/65 | R65: 10 | S65: =VLOOKUP($F65,Munition!$B:$P,10,FALSE) -> 20 | T65: =VLOOKUP($F65,Munition!$B:$P,11,FALSE) -> 878 | U65: =T65 * POWER(I65/S65,0.25) -> 878 | V65: =VLOOKUP($F65,Munition!$B:$P,5,FALSE) -> 3.56 | W65: =0.5 * (V65/1000) * (U65^2) -> 1372.1735 | X65: =VLOOKUP($F65,Munition!$B:$P,15,FALSE) -> 146.62585 | Y65: =VLOOKUP($F65,Munition!$B:$P,9,FALSE) -> 1 | Z65: =VLOOKUP($F65,Munition!$B:$P,14,FALSE) -> 3.7177961e-06 | AA65: =0.0000001 * X65 * (2 * W65 / (V65/1000)) * Y65 -> 11.303152 | AB65: =0.0000001 * $X65 * (2 * $W65 * EXP(-(2*$Z65/($V65/1000)) * J65) / ($V65/1000)) * $Y65 -> 10.375497 | AC65: =0.0000001 * $X65 * (2 * $W65 * EXP(-(2*$Z65/($V65/1000)) * K65) / ($V65/1000)) * $Y65 -> 9.5239755 | AD65: =0.0000001 * $X65 * (2 * $W65 * EXP(-(2*$Z65/($V65/1000)) * L65) / ($V65/1000)) * $Y65 -> 6.7616967 | AE65: =0.0000001 * $X65 * (2 * $W65 * EXP(-(2*$Z65/($V65/1000)) * M65) / ($V65/1000)) * $Y65 -> 4.0449374 | AF65: =IF(INT(SQRT(W65)/12)=0, MOD(INT(SQRT(W65)/4),3), INT(SQRT(W65)/12) & "D6" & IF(MOD(INT(SQRT(W65)/4),3)=0, "", "+" & MOD(INT(SQRT(W65)/4),3))) -> 3D6 | AG65: =IF((SQRT($W65)*(7/AA65))>=(SQRT($W65)),"-",IF(INT(SQRT($W65)*(7/AA65)/12)=0, MOD(INT(SQRT($W65)*(7/AA65)/4),3), INT(SQRT($W65)*(7/AA65)/12) & IF(MOD(INT(SQRT($W65)*(7/AA65)/4),3)=0, "", "+" & MOD(INT(SQRT($W65)*(7/AA65)/4),3)))) -> 1+2 | AH65: =IF((SQRT($W65)*(7/AB65))>=(SQRT($W65)),"-",IF(INT(SQRT($W65)*(7/AB65)/12)=0, MOD(INT(SQRT($W65)*(7/AB65)/4),3), INT(SQRT($W65)*(7/AB65)/12) & IF(MOD(INT(SQRT($W65)*(7/AB65)/4),3)=0, "", "+" & MOD(INT(SQRT($W65)*(7/AB65)/4),3)))) -> 2 | AI65: =IF((SQRT($W65)*(7/AC65))>=(SQRT($W65)),"-",IF(INT(SQRT($W65)*(7/AC65)/12)=0, MOD(INT(SQRT($W65)*(7/AC65)/4),3), INT(SQRT($W65)*(7/AC65)/12) & IF(MOD(INT(SQRT($W65)*(7/AC65)/4),3)=0, "", "+" & MOD(INT(SQRT($W65)*(7/AC65)/4),3)))) -> 2 | AJ65: =IF((SQRT($W65)*(7/AD65))>=(SQRT($W65)),"-",IF(INT(SQRT($W65)*(7/AD65)/12)=0, MOD(INT(SQRT($W65)*(7/AD65)/4),3), INT(SQRT($W65)*(7/AD65)/12) & IF(MOD(INT(SQRT($W65)*(7/AD65)/4),3)=0, "", "+" & MOD(INT(SQRT($W65)*(7/AD65)/4),3)))) -> - | AK65: 1967
A66: Armes à feu\Fusil d'assaut | B66: Colt - M16 A1 carbine | C66: powder_projectiles | D66: powder_projectiles | F66: 5,56 M193 | G66: 5,56x45 | H66: 2.631 | I66: 14.5 | J66: 41 | K66: 82 | L66: 246 | M66: 492 | N66: 2 | O66: 10 | P66: 30 | Q66: 1/60 | R66: 10 | S66: =VLOOKUP($F66,Munition!$B:$P,10,FALSE) -> 20 | T66: =VLOOKUP($F66,Munition!$B:$P,11,FALSE) -> 878 | U66: =T66 * POWER(I66/S66,0.25) -> 810.17534 | V66: =VLOOKUP($F66,Munition!$B:$P,5,FALSE) -> 3.56 | W66: =0.5 * (V66/1000) * (U66^2) -> 1168.3637 | X66: =VLOOKUP($F66,Munition!$B:$P,15,FALSE) -> 146.62585 | Y66: =VLOOKUP($F66,Munition!$B:$P,9,FALSE) -> 1 | Z66: =VLOOKUP($F66,Munition!$B:$P,14,FALSE) -> 3.7177961e-06 | AA66: =0.0000001 * X66 * (2 * W66 / (V66/1000)) * Y66 -> 9.6242871 | AB66: =0.0000001 * $X66 * (2 * $W66 * EXP(-(2*$Z66/($V66/1000)) * J66) / ($V66/1000)) * $Y66 -> 8.8344175 | AC66: =0.0000001 * $X66 * (2 * $W66 * EXP(-(2*$Z66/($V66/1000)) * K66) / ($V66/1000)) * $Y66 -> 8.109373 | AD66: =0.0000001 * $X66 * (2 * $W66 * EXP(-(2*$Z66/($V66/1000)) * L66) / ($V66/1000)) * $Y66 -> 5.7573773 | AE66: =0.0000001 * $X66 * (2 * $W66 * EXP(-(2*$Z66/($V66/1000)) * M66) / ($V66/1000)) * $Y66 -> 3.4441401 | AF66: =IF(INT(SQRT(W66)/12)=0, MOD(INT(SQRT(W66)/4),3), INT(SQRT(W66)/12) & "D6" & IF(MOD(INT(SQRT(W66)/4),3)=0, "", "+" & MOD(INT(SQRT(W66)/4),3))) -> 2D6+2 | AG66: =IF((SQRT($W66)*(7/AA66))>=(SQRT($W66)),"-",IF(INT(SQRT($W66)*(7/AA66)/12)=0, MOD(INT(SQRT($W66)*(7/AA66)/4),3), INT(SQRT($W66)*(7/AA66)/12) & IF(MOD(INT(SQRT($W66)*(7/AA66)/4),3)=0, "", "+" & MOD(INT(SQRT($W66)*(7/AA66)/4),3)))) -> 2 | AH66: =IF((SQRT($W66)*(7/AB66))>=(SQRT($W66)),"-",IF(INT(SQRT($W66)*(7/AB66)/12)=0, MOD(INT(SQRT($W66)*(7/AB66)/4),3), INT(SQRT($W66)*(7/AB66)/12) & IF(MOD(INT(SQRT($W66)*(7/AB66)/4),3)=0, "", "+" & MOD(INT(SQRT($W66)*(7/AB66)/4),3)))) -> 2 | AI66: =IF((SQRT($W66)*(7/AC66))>=(SQRT($W66)),"-",IF(INT(SQRT($W66)*(7/AC66)/12)=0, MOD(INT(SQRT($W66)*(7/AC66)/4),3), INT(SQRT($W66)*(7/AC66)/12) & IF(MOD(INT(SQRT($W66)*(7/AC66)/4),3)=0, "", "+" & MOD(INT(SQRT($W66)*(7/AC66)/4),3)))) -> 2+1 | AJ66: =IF((SQRT($W66)*(7/AD66))>=(SQRT($W66)),"-",IF(INT(SQRT($W66)*(7/AD66)/12)=0, MOD(INT(SQRT($W66)*(7/AD66)/4),3), INT(SQRT($W66)*(7/AD66)/12) & IF(MOD(INT(SQRT($W66)*(7/AD66)/4),3)=0, "", "+" & MOD(INT(SQRT($W66)*(7/AD66)/4),3)))) -> - | AK66: 1967
A67: Armes à feu\Mitrailleuse | B67: Colt - M16 A1 HBAR | C67: powder_projectiles | D67: powder_projectiles | F67: 5,56 M193 | G67: 5,56x45 | H67: 3.583 | I67: 20 | J67: 58 | K67: 116 | L67: 348 | M67: 696 | N67: 2 | O67: 10 | P67: 50 | Q67: 1/60 | R67: 10 | S67: =VLOOKUP($F67,Munition!$B:$P,10,FALSE) -> 20 | T67: =VLOOKUP($F67,Munition!$B:$P,11,FALSE) -> 878 | U67: =T67 * POWER(I67/S67,0.25) -> 878 | V67: =VLOOKUP($F67,Munition!$B:$P,5,FALSE) -> 3.56 | W67: =0.5 * (V67/1000) * (U67^2) -> 1372.1735 | X67: =VLOOKUP($F67,Munition!$B:$P,15,FALSE) -> 146.62585 | Y67: =VLOOKUP($F67,Munition!$B:$P,9,FALSE) -> 1 | Z67: =VLOOKUP($F67,Munition!$B:$P,14,FALSE) -> 3.7177961e-06 | AA67: =0.0000001 * X67 * (2 * W67 / (V67/1000)) * Y67 -> 11.303152 | AB67: =0.0000001 * $X67 * (2 * $W67 * EXP(-(2*$Z67/($V67/1000)) * J67) / ($V67/1000)) * $Y67 -> 10.013558 | AC67: =0.0000001 * $X67 * (2 * $W67 * EXP(-(2*$Z67/($V67/1000)) * K67) / ($V67/1000)) * $Y67 -> 8.8710954 | AD67: =0.0000001 * $X67 * (2 * $W67 * EXP(-(2*$Z67/($V67/1000)) * L67) / ($V67/1000)) * $Y67 -> 5.4642758 | AE67: =0.0000001 * $X67 * (2 * $W67 * EXP(-(2*$Z67/($V67/1000)) * M67) / ($V67/1000)) * $Y67 -> 2.6415915 | AF67: =IF(INT(SQRT(W67)/12)=0, MOD(INT(SQRT(W67)/4),3), INT(SQRT(W67)/12) & "D6" & IF(MOD(INT(SQRT(W67)/4),3)=0, "", "+" & MOD(INT(SQRT(W67)/4),3))) -> 3D6 | AG67: =IF((SQRT($W67)*(7/AA67))>=(SQRT($W67)),"-",IF(INT(SQRT($W67)*(7/AA67)/12)=0, MOD(INT(SQRT($W67)*(7/AA67)/4),3), INT(SQRT($W67)*(7/AA67)/12) & IF(MOD(INT(SQRT($W67)*(7/AA67)/4),3)=0, "", "+" & MOD(INT(SQRT($W67)*(7/AA67)/4),3)))) -> 1+2 | AH67: =IF((SQRT($W67)*(7/AB67))>=(SQRT($W67)),"-",IF(INT(SQRT($W67)*(7/AB67)/12)=0, MOD(INT(SQRT($W67)*(7/AB67)/4),3), INT(SQRT($W67)*(7/AB67)/12) & IF(MOD(INT(SQRT($W67)*(7/AB67)/4),3)=0, "", "+" & MOD(INT(SQRT($W67)*(7/AB67)/4),3)))) -> 2 | AI67: =IF((SQRT($W67)*(7/AC67))>=(SQRT($W67)),"-",IF(INT(SQRT($W67)*(7/AC67)/12)=0, MOD(INT(SQRT($W67)*(7/AC67)/4),3), INT(SQRT($W67)*(7/AC67)/12) & IF(MOD(INT(SQRT($W67)*(7/AC67)/4),3)=0, "", "+" & MOD(INT(SQRT($W67)*(7/AC67)/4),3)))) -> 2+1 | AJ67: =IF((SQRT($W67)*(7/AD67))>=(SQRT($W67)),"-",IF(INT(SQRT($W67)*(7/AD67)/12)=0, MOD(INT(SQRT($W67)*(7/AD67)/4),3), INT(SQRT($W67)*(7/AD67)/12) & IF(MOD(INT(SQRT($W67)*(7/AD67)/4),3)=0, "", "+" & MOD(INT(SQRT($W67)*(7/AD67)/4),3)))) -> - | AK67: 1967
A68: Armes à feu\Fusil d'assaut | B68: Colt - M16 A2 | C68: powder_projectiles | D68: powder_projectiles | F68: 5,56 M193 | G68: 5,56x45 | H68: 3.9 | I68: 20 | J68: 50 | K68: 100 | L68: 300 | M68: 600 | N68: 2 | O68: 3 | P68: 30 | Q68: 1/3/65 | R68: 3 | S68: =VLOOKUP($F68,Munition!$B:$P,10,FALSE) -> 20 | T68: =VLOOKUP($F68,Munition!$B:$P,11,FALSE) -> 878 | U68: =T68 * POWER(I68/S68,0.25) -> 878 | V68: =VLOOKUP($F68,Munition!$B:$P,5,FALSE) -> 3.56 | W68: =0.5 * (V68/1000) * (U68^2) -> 1372.1735 | X68: =VLOOKUP($F68,Munition!$B:$P,15,FALSE) -> 146.62585 | Y68: =VLOOKUP($F68,Munition!$B:$P,9,FALSE) -> 1 | Z68: =VLOOKUP($F68,Munition!$B:$P,14,FALSE) -> 3.7177961e-06 | AA68: =0.0000001 * X68 * (2 * W68 / (V68/1000)) * Y68 -> 11.303152 | AB68: =0.0000001 * $X68 * (2 * $W68 * EXP(-(2*$Z68/($V68/1000)) * J68) / ($V68/1000)) * $Y68 -> 10.182282 | AC68: =0.0000001 * $X68 * (2 * $W68 * EXP(-(2*$Z68/($V68/1000)) * K68) / ($V68/1000)) * $Y68 -> 9.1725623 | AD68: =0.0000001 * $X68 * (2 * $W68 * EXP(-(2*$Z68/($V68/1000)) * L68) / ($V68/1000)) * $Y68 -> 6.0404999 | AE68: =0.0000001 * $X68 * (2 * $W68 * EXP(-(2*$Z68/($V68/1000)) * M68) / ($V68/1000)) * $Y68 -> 3.2280942 | AF68: =IF(INT(SQRT(W68)/12)=0, MOD(INT(SQRT(W68)/4),3), INT(SQRT(W68)/12) & "D6" & IF(MOD(INT(SQRT(W68)/4),3)=0, "", "+" & MOD(INT(SQRT(W68)/4),3))) -> 3D6 | AG68: =IF((SQRT($W68)*(7/AA68))>=(SQRT($W68)),"-",IF(INT(SQRT($W68)*(7/AA68)/12)=0, MOD(INT(SQRT($W68)*(7/AA68)/4),3), INT(SQRT($W68)*(7/AA68)/12) & IF(MOD(INT(SQRT($W68)*(7/AA68)/4),3)=0, "", "+" & MOD(INT(SQRT($W68)*(7/AA68)/4),3)))) -> 1+2 | AH68: =IF((SQRT($W68)*(7/AB68))>=(SQRT($W68)),"-",IF(INT(SQRT($W68)*(7/AB68)/12)=0, MOD(INT(SQRT($W68)*(7/AB68)/4),3), INT(SQRT($W68)*(7/AB68)/12) & IF(MOD(INT(SQRT($W68)*(7/AB68)/4),3)=0, "", "+" & MOD(INT(SQRT($W68)*(7/AB68)/4),3)))) -> 2 | AI68: =IF((SQRT($W68)*(7/AC68))>=(SQRT($W68)),"-",IF(INT(SQRT($W68)*(7/AC68)/12)=0, MOD(INT(SQRT($W68)*(7/AC68)/4),3), INT(SQRT($W68)*(7/AC68)/12) & IF(MOD(INT(SQRT($W68)*(7/AC68)/4),3)=0, "", "+" & MOD(INT(SQRT($W68)*(7/AC68)/4),3)))) -> 2+1 | AJ68: =IF((SQRT($W68)*(7/AD68))>=(SQRT($W68)),"-",IF(INT(SQRT($W68)*(7/AD68)/12)=0, MOD(INT(SQRT($W68)*(7/AD68)/4),3), INT(SQRT($W68)*(7/AD68)/12) & IF(MOD(INT(SQRT($W68)*(7/AD68)/4),3)=0, "", "+" & MOD(INT(SQRT($W68)*(7/AD68)/4),3)))) -> - | AK68: 1982
A69: Armes à feu\Fusil d'assaut | B69: Colt - M16 A2 Carbine | C69: powder_projectiles | D69: powder_projectiles | F69: 5,56 M193 | G69: 5,56x45 | H69: 2.676 | I69: 14.5 | J69: 50 | K69: 100 | L69: 300 | M69: 600 | N69: 2 | O69: 3 | P69: 30 | Q69: 1/3/65 | R69: 3 | S69: =VLOOKUP($F69,Munition!$B:$P,10,FALSE) -> 20 | T69: =VLOOKUP($F69,Munition!$B:$P,11,FALSE) -> 878 | U69: =T69 * POWER(I69/S69,0.25) -> 810.17534 | V69: =VLOOKUP($F69,Munition!$B:$P,5,FALSE) -> 3.56 | W69: =0.5 * (V69/1000) * (U69^2) -> 1168.3637 | X69: =VLOOKUP($F69,Munition!$B:$P,15,FALSE) -> 146.62585 | Y69: =VLOOKUP($F69,Munition!$B:$P,9,FALSE) -> 1 | Z69: =VLOOKUP($F69,Munition!$B:$P,14,FALSE) -> 3.7177961e-06 | AA69: =0.0000001 * X69 * (2 * W69 / (V69/1000)) * Y69 -> 9.6242871 | AB69: =0.0000001 * $X69 * (2 * $W69 * EXP(-(2*$Z69/($V69/1000)) * J69) / ($V69/1000)) * $Y69 -> 8.6699007 | AC69: =0.0000001 * $X69 * (2 * $W69 * EXP(-(2*$Z69/($V69/1000)) * K69) / ($V69/1000)) * $Y69 -> 7.8101554 | AD69: =0.0000001 * $X69 * (2 * $W69 * EXP(-(2*$Z69/($V69/1000)) * L69) / ($V69/1000)) * $Y69 -> 5.1433003 | AE69: =0.0000001 * $X69 * (2 * $W69 * EXP(-(2*$Z69/($V69/1000)) * M69) / ($V69/1000)) * $Y69 -> 2.7486232 | AF69: =IF(INT(SQRT(W69)/12)=0, MOD(INT(SQRT(W69)/4),3), INT(SQRT(W69)/12) & "D6" & IF(MOD(INT(SQRT(W69)/4),3)=0, "", "+" & MOD(INT(SQRT(W69)/4),3))) -> 2D6+2 | AG69: =IF((SQRT($W69)*(7/AA69))>=(SQRT($W69)),"-",IF(INT(SQRT($W69)*(7/AA69)/12)=0, MOD(INT(SQRT($W69)*(7/AA69)/4),3), INT(SQRT($W69)*(7/AA69)/12) & IF(MOD(INT(SQRT($W69)*(7/AA69)/4),3)=0, "", "+" & MOD(INT(SQRT($W69)*(7/AA69)/4),3)))) -> 2 | AH69: =IF((SQRT($W69)*(7/AB69))>=(SQRT($W69)),"-",IF(INT(SQRT($W69)*(7/AB69)/12)=0, MOD(INT(SQRT($W69)*(7/AB69)/4),3), INT(SQRT($W69)*(7/AB69)/12) & IF(MOD(INT(SQRT($W69)*(7/AB69)/4),3)=0, "", "+" & MOD(INT(SQRT($W69)*(7/AB69)/4),3)))) -> 2 | AI69: =IF((SQRT($W69)*(7/AC69))>=(SQRT($W69)),"-",IF(INT(SQRT($W69)*(7/AC69)/12)=0, MOD(INT(SQRT($W69)*(7/AC69)/4),3), INT(SQRT($W69)*(7/AC69)/12) & IF(MOD(INT(SQRT($W69)*(7/AC69)/4),3)=0, "", "+" & MOD(INT(SQRT($W69)*(7/AC69)/4),3)))) -> 2+1 | AJ69: =IF((SQRT($W69)*(7/AD69))>=(SQRT($W69)),"-",IF(INT(SQRT($W69)*(7/AD69)/12)=0, MOD(INT(SQRT($W69)*(7/AD69)/4),3), INT(SQRT($W69)*(7/AD69)/12) & IF(MOD(INT(SQRT($W69)*(7/AD69)/4),3)=0, "", "+" & MOD(INT(SQRT($W69)*(7/AD69)/4),3)))) -> - | AK69: 1982
A70: Armes à feu\Fusil d'assaut | B70: Colt - M16 A4 | C70: powder_projectiles | D70: powder_projectiles | F70: 5,56 M193 | G70: 5,56x45 | H70: 2.7 | I70: 20 | J70: 50 | K70: 100 | L70: 300 | M70: 600 | N70: 2 | O70: 3 | P70: 30 | Q70: 1/3/21 | R70: 3 | S70: =VLOOKUP($F70,Munition!$B:$P,10,FALSE) -> 20 | T70: =VLOOKUP($F70,Munition!$B:$P,11,FALSE) -> 878 | U70: =T70 * POWER(I70/S70,0.25) -> 878 | V70: =VLOOKUP($F70,Munition!$B:$P,5,FALSE) -> 3.56 | W70: =0.5 * (V70/1000) * (U70^2) -> 1372.1735 | X70: =VLOOKUP($F70,Munition!$B:$P,15,FALSE) -> 146.62585 | Y70: =VLOOKUP($F70,Munition!$B:$P,9,FALSE) -> 1 | Z70: =VLOOKUP($F70,Munition!$B:$P,14,FALSE) -> 3.7177961e-06 | AA70: =0.0000001 * X70 * (2 * W70 / (V70/1000)) * Y70 -> 11.303152 | AB70: =0.0000001 * $X70 * (2 * $W70 * EXP(-(2*$Z70/($V70/1000)) * J70) / ($V70/1000)) * $Y70 -> 10.182282 | AC70: =0.0000001 * $X70 * (2 * $W70 * EXP(-(2*$Z70/($V70/1000)) * K70) / ($V70/1000)) * $Y70 -> 9.1725623 | AD70: =0.0000001 * $X70 * (2 * $W70 * EXP(-(2*$Z70/($V70/1000)) * L70) / ($V70/1000)) * $Y70 -> 6.0404999 | AE70: =0.0000001 * $X70 * (2 * $W70 * EXP(-(2*$Z70/($V70/1000)) * M70) / ($V70/1000)) * $Y70 -> 3.2280942 | AF70: =IF(INT(SQRT(W70)/12)=0, MOD(INT(SQRT(W70)/4),3), INT(SQRT(W70)/12) & "D6" & IF(MOD(INT(SQRT(W70)/4),3)=0, "", "+" & MOD(INT(SQRT(W70)/4),3))) -> 3D6 | AG70: =IF((SQRT($W70)*(7/AA70))>=(SQRT($W70)),"-",IF(INT(SQRT($W70)*(7/AA70)/12)=0, MOD(INT(SQRT($W70)*(7/AA70)/4),3), INT(SQRT($W70)*(7/AA70)/12) & IF(MOD(INT(SQRT($W70)*(7/AA70)/4),3)=0, "", "+" & MOD(INT(SQRT($W70)*(7/AA70)/4),3)))) -> 1+2 | AH70: =IF((SQRT($W70)*(7/AB70))>=(SQRT($W70)),"-",IF(INT(SQRT($W70)*(7/AB70)/12)=0, MOD(INT(SQRT($W70)*(7/AB70)/4),3), INT(SQRT($W70)*(7/AB70)/12) & IF(MOD(INT(SQRT($W70)*(7/AB70)/4),3)=0, "", "+" & MOD(INT(SQRT($W70)*(7/AB70)/4),3)))) -> 2 | AI70: =IF((SQRT($W70)*(7/AC70))>=(SQRT($W70)),"-",IF(INT(SQRT($W70)*(7/AC70)/12)=0, MOD(INT(SQRT($W70)*(7/AC70)/4),3), INT(SQRT($W70)*(7/AC70)/12) & IF(MOD(INT(SQRT($W70)*(7/AC70)/4),3)=0, "", "+" & MOD(INT(SQRT($W70)*(7/AC70)/4),3)))) -> 2+1 | AJ70: =IF((SQRT($W70)*(7/AD70))>=(SQRT($W70)),"-",IF(INT(SQRT($W70)*(7/AD70)/12)=0, MOD(INT(SQRT($W70)*(7/AD70)/4),3), INT(SQRT($W70)*(7/AD70)/12) & IF(MOD(INT(SQRT($W70)*(7/AD70)/4),3)=0, "", "+" & MOD(INT(SQRT($W70)*(7/AD70)/4),3)))) -> - | AK70: 1997
A71: Armes à feu\Pistolet auto | B71: Colt - M1911A1 | C71: powder_projectiles | D71: powder_projectiles | F71: .45 ACP | G71: 11,43x23 | H71: 1.08 | I71: 5 | J71: 5 | K71: 10 | L71: 30 | M71: 60 | N71: 2 | P71: 7 | Q71: SA | R71: 1 | S71: =VLOOKUP($F71,Munition!$B:$P,10,FALSE) -> 5 | T71: =VLOOKUP($F71,Munition!$B:$P,11,FALSE) -> 285 | U71: =T71 * POWER(I71/S71,0.25) -> 285 | V71: =VLOOKUP($F71,Munition!$B:$P,5,FALSE) -> 14.84 | W71: =0.5 * (V71/1000) * (U71^2) -> 602.6895 | X71: =VLOOKUP($F71,Munition!$B:$P,15,FALSE) -> 144.62773 | Y71: =VLOOKUP($F71,Munition!$B:$P,9,FALSE) -> 1 | Z71: =VLOOKUP($F71,Munition!$B:$P,14,FALSE) -> 2.8281403e-05 | AA71: =0.0000001 * X71 * (2 * W71 / (V71/1000)) * Y71 -> 1.1747387 | AB71: =0.0000001 * $X71 * (2 * $W71 * EXP(-(2*$Z71/($V71/1000)) * J71) / ($V71/1000)) * $Y71 -> 1.152563 | AC71: =0.0000001 * $X71 * (2 * $W71 * EXP(-(2*$Z71/($V71/1000)) * K71) / ($V71/1000)) * $Y71 -> 1.130806 | AD71: =0.0000001 * $X71 * (2 * $W71 * EXP(-(2*$Z71/($V71/1000)) * L71) / ($V71/1000)) * $Y71 -> 1.0478081 | AE71: =0.0000001 * $X71 * (2 * $W71 * EXP(-(2*$Z71/($V71/1000)) * M71) / ($V71/1000)) * $Y71 -> 0.93459234 | AF71: =IF(INT(SQRT(W71)/12)=0, MOD(INT(SQRT(W71)/4),3), INT(SQRT(W71)/12) & "D6" & IF(MOD(INT(SQRT(W71)/4),3)=0, "", "+" & MOD(INT(SQRT(W71)/4),3))) -> 2D6 | AG71: =IF((SQRT($W71)*(7/AA71))>=(SQRT($W71)),"-",IF(INT(SQRT($W71)*(7/AA71)/12)=0, MOD(INT(SQRT($W71)*(7/AA71)/4),3), INT(SQRT($W71)*(7/AA71)/12) & IF(MOD(INT(SQRT($W71)*(7/AA71)/4),3)=0, "", "+" & MOD(INT(SQRT($W71)*(7/AA71)/4),3)))) -> - | AH71: =IF((SQRT($W71)*(7/AB71))>=(SQRT($W71)),"-",IF(INT(SQRT($W71)*(7/AB71)/12)=0, MOD(INT(SQRT($W71)*(7/AB71)/4),3), INT(SQRT($W71)*(7/AB71)/12) & IF(MOD(INT(SQRT($W71)*(7/AB71)/4),3)=0, "", "+" & MOD(INT(SQRT($W71)*(7/AB71)/4),3)))) -> - | AI71: =IF((SQRT($W71)*(7/AC71))>=(SQRT($W71)),"-",IF(INT(SQRT($W71)*(7/AC71)/12)=0, MOD(INT(SQRT($W71)*(7/AC71)/4),3), INT(SQRT($W71)*(7/AC71)/12) & IF(MOD(INT(SQRT($W71)*(7/AC71)/4),3)=0, "", "+" & MOD(INT(SQRT($W71)*(7/AC71)/4),3)))) -> - | AJ71: =IF((SQRT($W71)*(7/AD71))>=(SQRT($W71)),"-",IF(INT(SQRT($W71)*(7/AD71)/12)=0, MOD(INT(SQRT($W71)*(7/AD71)/4),3), INT(SQRT($W71)*(7/AD71)/12) & IF(MOD(INT(SQRT($W71)*(7/AD71)/4),3)=0, "", "+" & MOD(INT(SQRT($W71)*(7/AD71)/4),3)))) -> - | AK71: 1926
A72: Armes à feu\Pistolet Mitrailleur | B72: Colt - M3 A1 | C72: powder_projectiles | D72: powder_projectiles | F72: .45 ACP | G72: 11,43x23 | H72: 3.47 | I72: 8 | J72: 8 | K72: 16 | L72: 48 | M72: 96 | O72: 3 | P72: 30 | Q72: 35 | R72: 5 | S72: =VLOOKUP($F72,Munition!$B:$P,10,FALSE) -> 5 | T72: =VLOOKUP($F72,Munition!$B:$P,11,FALSE) -> 285 | U72: =T72 * POWER(I72/S72,0.25) -> 320.53456 | V72: =VLOOKUP($F72,Munition!$B:$P,5,FALSE) -> 14.84 | W72: =0.5 * (V72/1000) * (U72^2) -> 762.34862 | X72: =VLOOKUP($F72,Munition!$B:$P,15,FALSE) -> 144.62773 | Y72: =VLOOKUP($F72,Munition!$B:$P,9,FALSE) -> 1 | Z72: =VLOOKUP($F72,Munition!$B:$P,14,FALSE) -> 2.8281403e-05 | AA72: =0.0000001 * X72 * (2 * W72 / (V72/1000)) * Y72 -> 1.48594 | AB72: =0.0000001 * $X72 * (2 * $W72 * EXP(-(2*$Z72/($V72/1000)) * J72) / ($V72/1000)) * $Y72 -> 1.4413144 | AC72: =0.0000001 * $X72 * (2 * $W72 * EXP(-(2*$Z72/($V72/1000)) * K72) / ($V72/1000)) * $Y72 -> 1.398029 | AD72: =0.0000001 * $X72 * (2 * $W72 * EXP(-(2*$Z72/($V72/1000)) * L72) / ($V72/1000)) * $Y72 -> 1.2375023 | AE72: =0.0000001 * $X72 * (2 * $W72 * EXP(-(2*$Z72/($V72/1000)) * M72) / ($V72/1000)) * $Y72 -> 1.0306015 | AF72: =IF(INT(SQRT(W72)/12)=0, MOD(INT(SQRT(W72)/4),3), INT(SQRT(W72)/12) & "D6" & IF(MOD(INT(SQRT(W72)/4),3)=0, "", "+" & MOD(INT(SQRT(W72)/4),3))) -> 2D6 | AG72: =IF((SQRT($W72)*(7/AA72))>=(SQRT($W72)),"-",IF(INT(SQRT($W72)*(7/AA72)/12)=0, MOD(INT(SQRT($W72)*(7/AA72)/4),3), INT(SQRT($W72)*(7/AA72)/12) & IF(MOD(INT(SQRT($W72)*(7/AA72)/4),3)=0, "", "+" & MOD(INT(SQRT($W72)*(7/AA72)/4),3)))) -> - | AH72: =IF((SQRT($W72)*(7/AB72))>=(SQRT($W72)),"-",IF(INT(SQRT($W72)*(7/AB72)/12)=0, MOD(INT(SQRT($W72)*(7/AB72)/4),3), INT(SQRT($W72)*(7/AB72)/12) & IF(MOD(INT(SQRT($W72)*(7/AB72)/4),3)=0, "", "+" & MOD(INT(SQRT($W72)*(7/AB72)/4),3)))) -> - | AI72: =IF((SQRT($W72)*(7/AC72))>=(SQRT($W72)),"-",IF(INT(SQRT($W72)*(7/AC72)/12)=0, MOD(INT(SQRT($W72)*(7/AC72)/4),3), INT(SQRT($W72)*(7/AC72)/12) & IF(MOD(INT(SQRT($W72)*(7/AC72)/4),3)=0, "", "+" & MOD(INT(SQRT($W72)*(7/AC72)/4),3)))) -> - | AJ72: =IF((SQRT($W72)*(7/AD72))>=(SQRT($W72)),"-",IF(INT(SQRT($W72)*(7/AD72)/12)=0, MOD(INT(SQRT($W72)*(7/AD72)/4),3), INT(SQRT($W72)*(7/AD72)/12) & IF(MOD(INT(SQRT($W72)*(7/AD72)/4),3)=0, "", "+" & MOD(INT(SQRT($W72)*(7/AD72)/4),3)))) -> - | AK72: 1942
A73: Armes à feu\Fusil d'assaut | B73: Colt - M4A1 | C73: powder_projectiles | D73: powder_projectiles | F73: 5,56 M193 | G73: 5,56x45 | H73: 2.94 | I73: 14.5 | J73: 50 | K73: 100 | L73: 300 | M73: 600 | N73: 2 | O73: 3 | P73: 30 | Q73: 1/3/60 | R73: 3 | S73: =VLOOKUP($F73,Munition!$B:$P,10,FALSE) -> 20 | T73: =VLOOKUP($F73,Munition!$B:$P,11,FALSE) -> 878 | U73: =T73 * POWER(I73/S73,0.25) -> 810.17534 | V73: =VLOOKUP($F73,Munition!$B:$P,5,FALSE) -> 3.56 | W73: =0.5 * (V73/1000) * (U73^2) -> 1168.3637 | X73: =VLOOKUP($F73,Munition!$B:$P,15,FALSE) -> 146.62585 | Y73: =VLOOKUP($F73,Munition!$B:$P,9,FALSE) -> 1 | Z73: =VLOOKUP($F73,Munition!$B:$P,14,FALSE) -> 3.7177961e-06 | AA73: =0.0000001 * X73 * (2 * W73 / (V73/1000)) * Y73 -> 9.6242871 | AB73: =0.0000001 * $X73 * (2 * $W73 * EXP(-(2*$Z73/($V73/1000)) * J73) / ($V73/1000)) * $Y73 -> 8.6699007 | AC73: =0.0000001 * $X73 * (2 * $W73 * EXP(-(2*$Z73/($V73/1000)) * K73) / ($V73/1000)) * $Y73 -> 7.8101554 | AD73: =0.0000001 * $X73 * (2 * $W73 * EXP(-(2*$Z73/($V73/1000)) * L73) / ($V73/1000)) * $Y73 -> 5.1433003 | AE73: =0.0000001 * $X73 * (2 * $W73 * EXP(-(2*$Z73/($V73/1000)) * M73) / ($V73/1000)) * $Y73 -> 2.7486232 | AF73: =IF(INT(SQRT(W73)/12)=0, MOD(INT(SQRT(W73)/4),3), INT(SQRT(W73)/12) & "D6" & IF(MOD(INT(SQRT(W73)/4),3)=0, "", "+" & MOD(INT(SQRT(W73)/4),3))) -> 2D6+2 | AG73: =IF((SQRT($W73)*(7/AA73))>=(SQRT($W73)),"-",IF(INT(SQRT($W73)*(7/AA73)/12)=0, MOD(INT(SQRT($W73)*(7/AA73)/4),3), INT(SQRT($W73)*(7/AA73)/12) & IF(MOD(INT(SQRT($W73)*(7/AA73)/4),3)=0, "", "+" & MOD(INT(SQRT($W73)*(7/AA73)/4),3)))) -> 2 | AH73: =IF((SQRT($W73)*(7/AB73))>=(SQRT($W73)),"-",IF(INT(SQRT($W73)*(7/AB73)/12)=0, MOD(INT(SQRT($W73)*(7/AB73)/4),3), INT(SQRT($W73)*(7/AB73)/12) & IF(MOD(INT(SQRT($W73)*(7/AB73)/4),3)=0, "", "+" & MOD(INT(SQRT($W73)*(7/AB73)/4),3)))) -> 2 | AI73: =IF((SQRT($W73)*(7/AC73))>=(SQRT($W73)),"-",IF(INT(SQRT($W73)*(7/AC73)/12)=0, MOD(INT(SQRT($W73)*(7/AC73)/4),3), INT(SQRT($W73)*(7/AC73)/12) & IF(MOD(INT(SQRT($W73)*(7/AC73)/4),3)=0, "", "+" & MOD(INT(SQRT($W73)*(7/AC73)/4),3)))) -> 2+1 | AJ73: =IF((SQRT($W73)*(7/AD73))>=(SQRT($W73)),"-",IF(INT(SQRT($W73)*(7/AD73)/12)=0, MOD(INT(SQRT($W73)*(7/AD73)/4),3), INT(SQRT($W73)*(7/AD73)/12) & IF(MOD(INT(SQRT($W73)*(7/AD73)/4),3)=0, "", "+" & MOD(INT(SQRT($W73)*(7/AD73)/4),3)))) -> - | AK73: 1994
A74: Armes à feu\Fusil d'assaut | B74: Colt - M4A4 | C74: powder_projectiles | D74: powder_projectiles | F74: 5,56 M193 | G74: 5,56x45 | H74: 2.608 | I74: 14.5 | J74: 50 | K74: 100 | L74: 300 | M74: 600 | N74: 2 | O74: 10 | P74: 30 | Q74: 1/3/65 | R74: 3 | S74: =VLOOKUP($F74,Munition!$B:$P,10,FALSE) -> 20 | T74: =VLOOKUP($F74,Munition!$B:$P,11,FALSE) -> 878 | U74: =T74 * POWER(I74/S74,0.25) -> 810.17534 | V74: =VLOOKUP($F74,Munition!$B:$P,5,FALSE) -> 3.56 | W74: =0.5 * (V74/1000) * (U74^2) -> 1168.3637 | X74: =VLOOKUP($F74,Munition!$B:$P,15,FALSE) -> 146.62585 | Y74: =VLOOKUP($F74,Munition!$B:$P,9,FALSE) -> 1 | Z74: =VLOOKUP($F74,Munition!$B:$P,14,FALSE) -> 3.7177961e-06 | AA74: =0.0000001 * X74 * (2 * W74 / (V74/1000)) * Y74 -> 9.6242871 | AB74: =0.0000001 * $X74 * (2 * $W74 * EXP(-(2*$Z74/($V74/1000)) * J74) / ($V74/1000)) * $Y74 -> 8.6699007 | AC74: =0.0000001 * $X74 * (2 * $W74 * EXP(-(2*$Z74/($V74/1000)) * K74) / ($V74/1000)) * $Y74 -> 7.8101554 | AD74: =0.0000001 * $X74 * (2 * $W74 * EXP(-(2*$Z74/($V74/1000)) * L74) / ($V74/1000)) * $Y74 -> 5.1433003 | AE74: =0.0000001 * $X74 * (2 * $W74 * EXP(-(2*$Z74/($V74/1000)) * M74) / ($V74/1000)) * $Y74 -> 2.7486232 | AF74: =IF(INT(SQRT(W74)/12)=0, MOD(INT(SQRT(W74)/4),3), INT(SQRT(W74)/12) & "D6" & IF(MOD(INT(SQRT(W74)/4),3)=0, "", "+" & MOD(INT(SQRT(W74)/4),3))) -> 2D6+2 | AG74: =IF((SQRT($W74)*(7/AA74))>=(SQRT($W74)),"-",IF(INT(SQRT($W74)*(7/AA74)/12)=0, MOD(INT(SQRT($W74)*(7/AA74)/4),3), INT(SQRT($W74)*(7/AA74)/12) & IF(MOD(INT(SQRT($W74)*(7/AA74)/4),3)=0, "", "+" & MOD(INT(SQRT($W74)*(7/AA74)/4),3)))) -> 2 | AH74: =IF((SQRT($W74)*(7/AB74))>=(SQRT($W74)),"-",IF(INT(SQRT($W74)*(7/AB74)/12)=0, MOD(INT(SQRT($W74)*(7/AB74)/4),3), INT(SQRT($W74)*(7/AB74)/12) & IF(MOD(INT(SQRT($W74)*(7/AB74)/4),3)=0, "", "+" & MOD(INT(SQRT($W74)*(7/AB74)/4),3)))) -> 2 | AI74: =IF((SQRT($W74)*(7/AC74))>=(SQRT($W74)),"-",IF(INT(SQRT($W74)*(7/AC74)/12)=0, MOD(INT(SQRT($W74)*(7/AC74)/4),3), INT(SQRT($W74)*(7/AC74)/12) & IF(MOD(INT(SQRT($W74)*(7/AC74)/4),3)=0, "", "+" & MOD(INT(SQRT($W74)*(7/AC74)/4),3)))) -> 2+1 | AJ74: =IF((SQRT($W74)*(7/AD74))>=(SQRT($W74)),"-",IF(INT(SQRT($W74)*(7/AD74)/12)=0, MOD(INT(SQRT($W74)*(7/AD74)/4),3), INT(SQRT($W74)*(7/AD74)/12) & IF(MOD(INT(SQRT($W74)*(7/AD74)/4),3)=0, "", "+" & MOD(INT(SQRT($W74)*(7/AD74)/4),3)))) -> - | AK74: 1994
A75: Armes à feu\Pistolet Mitrailleur | B75: Colt - SR 635 KAC | C75: powder_projectiles | D75: powder_projectiles | F75: 9 S | G75: 9x19 | H75: 3.062 | I75: 10.5 | J75: 10 | K75: 20 | L75: 60 | M75: 120 | N75: 1 | O75: 3 | P75: 30 | Q75: 1/5/50 | R75: 5 | S75: =VLOOKUP($F75,Munition!$B:$P,10,FALSE) -> 4.5 | T75: =VLOOKUP($F75,Munition!$B:$P,11,FALSE) -> 300 | U75: =T75 * POWER(I75/S75,0.25) -> 370.77928 | V75: =VLOOKUP($F75,Munition!$B:$P,5,FALSE) -> 8 | W75: =0.5 * (V75/1000) * (U75^2) -> 549.90908 | X75: =VLOOKUP($F75,Munition!$B:$P,15,FALSE) -> 125.75205 | Y75: =VLOOKUP($F75,Munition!$B:$P,9,FALSE) -> 1 | Z75: =VLOOKUP($F75,Munition!$B:$P,14,FALSE) -> 1.5586227e-05 | AA75: =0.0000001 * X75 * (2 * W75 / (V75/1000)) * Y75 -> 1.7288049 | AB75: =0.0000001 * $X75 * (2 * $W75 * EXP(-(2*$Z75/($V75/1000)) * J75) / ($V75/1000)) * $Y75 -> 1.6627366 | AC75: =0.0000001 * $X75 * (2 * $W75 * EXP(-(2*$Z75/($V75/1000)) * K75) / ($V75/1000)) * $Y75 -> 1.5991932 | AD75: =0.0000001 * $X75 * (2 * $W75 * EXP(-(2*$Z75/($V75/1000)) * L75) / ($V75/1000)) * $Y75 -> 1.3683929 | AE75: =0.0000001 * $X75 * (2 * $W75 * EXP(-(2*$Z75/($V75/1000)) * M75) / ($V75/1000)) * $Y75 -> 1.0831176 | AF75: =IF(INT(SQRT(W75)/12)=0, MOD(INT(SQRT(W75)/4),3), INT(SQRT(W75)/12) & "D6" & IF(MOD(INT(SQRT(W75)/4),3)=0, "", "+" & MOD(INT(SQRT(W75)/4),3))) -> 1D6+2 | AG75: =IF((SQRT($W75)*(7/AA75))>=(SQRT($W75)),"-",IF(INT(SQRT($W75)*(7/AA75)/12)=0, MOD(INT(SQRT($W75)*(7/AA75)/4),3), INT(SQRT($W75)*(7/AA75)/12) & IF(MOD(INT(SQRT($W75)*(7/AA75)/4),3)=0, "", "+" & MOD(INT(SQRT($W75)*(7/AA75)/4),3)))) -> - | AH75: =IF((SQRT($W75)*(7/AB75))>=(SQRT($W75)),"-",IF(INT(SQRT($W75)*(7/AB75)/12)=0, MOD(INT(SQRT($W75)*(7/AB75)/4),3), INT(SQRT($W75)*(7/AB75)/12) & IF(MOD(INT(SQRT($W75)*(7/AB75)/4),3)=0, "", "+" & MOD(INT(SQRT($W75)*(7/AB75)/4),3)))) -> - | AI75: =IF((SQRT($W75)*(7/AC75))>=(SQRT($W75)),"-",IF(INT(SQRT($W75)*(7/AC75)/12)=0, MOD(INT(SQRT($W75)*(7/AC75)/4),3), INT(SQRT($W75)*(7/AC75)/12) & IF(MOD(INT(SQRT($W75)*(7/AC75)/4),3)=0, "", "+" & MOD(INT(SQRT($W75)*(7/AC75)/4),3)))) -> - | AJ75: =IF((SQRT($W75)*(7/AD75))>=(SQRT($W75)),"-",IF(INT(SQRT($W75)*(7/AD75)/12)=0, MOD(INT(SQRT($W75)*(7/AD75)/4),3), INT(SQRT($W75)*(7/AD75)/12) & IF(MOD(INT(SQRT($W75)*(7/AD75)/4),3)=0, "", "+" & MOD(INT(SQRT($W75)*(7/AD75)/4),3)))) -> - | AK75: 1985
A76: Armes à feu\Pistolet Mitrailleur | B76: Colt - SR 635 SMG | C76: powder_projectiles | D76: powder_projectiles | F76: 9 P | G76: 9x19 | H76: 2.608 | I76: 10.5 | J76: 16 | K76: 32 | L76: 96 | M76: 192 | N76: 1 | O76: 5 | P76: 30 | Q76: 1/10/75 | R76: 10 | S76: =VLOOKUP($F76,Munition!$B:$P,10,FALSE) -> 4.5 | T76: =VLOOKUP($F76,Munition!$B:$P,11,FALSE) -> 450 | U76: =T76 * POWER(I76/S76,0.25) -> 556.16891 | V76: =VLOOKUP($F76,Munition!$B:$P,5,FALSE) -> 6.75 | W76: =0.5 * (V76/1000) * (U76^2) -> 1043.968 | X76: =VLOOKUP($F76,Munition!$B:$P,15,FALSE) -> 106.1033 | Y76: =VLOOKUP($F76,Munition!$B:$P,9,FALSE) -> 1 | Z76: =VLOOKUP($F76,Munition!$B:$P,14,FALSE) -> 1.5586227e-05 | AA76: =0.0000001 * X76 * (2 * W76 / (V76/1000)) * Y76 -> 3.2820281 | AB76: =0.0000001 * $X76 * (2 * $W76 * EXP(-(2*$Z76/($V76/1000)) * J76) / ($V76/1000)) * $Y76 -> 3.0482611 | AC76: =0.0000001 * $X76 * (2 * $W76 * EXP(-(2*$Z76/($V76/1000)) * K76) / ($V76/1000)) * $Y76 -> 2.8311445 | AD76: =0.0000001 * $X76 * (2 * $W76 * EXP(-(2*$Z76/($V76/1000)) * L76) / ($V76/1000)) * $Y76 -> 2.1066942 | AE76: =0.0000001 * $X76 * (2 * $W76 * EXP(-(2*$Z76/($V76/1000)) * M76) / ($V76/1000)) * $Y76 -> 1.3522616 | AF76: =IF(INT(SQRT(W76)/12)=0, MOD(INT(SQRT(W76)/4),3), INT(SQRT(W76)/12) & "D6" & IF(MOD(INT(SQRT(W76)/4),3)=0, "", "+" & MOD(INT(SQRT(W76)/4),3))) -> 2D6+2 | AG76: =IF((SQRT($W76)*(7/AA76))>=(SQRT($W76)),"-",IF(INT(SQRT($W76)*(7/AA76)/12)=0, MOD(INT(SQRT($W76)*(7/AA76)/4),3), INT(SQRT($W76)*(7/AA76)/12) & IF(MOD(INT(SQRT($W76)*(7/AA76)/4),3)=0, "", "+" & MOD(INT(SQRT($W76)*(7/AA76)/4),3)))) -> - | AH76: =IF((SQRT($W76)*(7/AB76))>=(SQRT($W76)),"-",IF(INT(SQRT($W76)*(7/AB76)/12)=0, MOD(INT(SQRT($W76)*(7/AB76)/4),3), INT(SQRT($W76)*(7/AB76)/12) & IF(MOD(INT(SQRT($W76)*(7/AB76)/4),3)=0, "", "+" & MOD(INT(SQRT($W76)*(7/AB76)/4),3)))) -> - | AI76: =IF((SQRT($W76)*(7/AC76))>=(SQRT($W76)),"-",IF(INT(SQRT($W76)*(7/AC76)/12)=0, MOD(INT(SQRT($W76)*(7/AC76)/4),3), INT(SQRT($W76)*(7/AC76)/12) & IF(MOD(INT(SQRT($W76)*(7/AC76)/4),3)=0, "", "+" & MOD(INT(SQRT($W76)*(7/AC76)/4),3)))) -> - | AJ76: =IF((SQRT($W76)*(7/AD76))>=(SQRT($W76)),"-",IF(INT(SQRT($W76)*(7/AD76)/12)=0, MOD(INT(SQRT($W76)*(7/AD76)/4),3), INT(SQRT($W76)*(7/AD76)/12) & IF(MOD(INT(SQRT($W76)*(7/AD76)/4),3)=0, "", "+" & MOD(INT(SQRT($W76)*(7/AD76)/4),3)))) -> - | AK76: 1985
A77: Armes à feu\Pistolet auto | B77: CZ - CZ 75 | C77: powder_projectiles | D77: powder_projectiles | F77: 9 P | G77: 9x19 | H77: 1.18 | I77: 4.7 | J77: 8 | K77: 16 | L77: 48 | M77: 96 | N77: 3 | P77: 15 | Q77: SA | R77: 1 | S77: =VLOOKUP($F77,Munition!$B:$P,10,FALSE) -> 4.5 | T77: =VLOOKUP($F77,Munition!$B:$P,11,FALSE) -> 450 | U77: =T77 * POWER(I77/S77,0.25) -> 454.91876 | V77: =VLOOKUP($F77,Munition!$B:$P,5,FALSE) -> 6.75 | W77: =0.5 * (V77/1000) * (U77^2) -> 698.4599 | X77: =VLOOKUP($F77,Munition!$B:$P,15,FALSE) -> 106.1033 | Y77: =VLOOKUP($F77,Munition!$B:$P,9,FALSE) -> 1 | Z77: =VLOOKUP($F77,Munition!$B:$P,14,FALSE) -> 1.5586227e-05 | AA77: =0.0000001 * X77 * (2 * W77 / (V77/1000)) * Y77 -> 2.1958192 | AB77: =0.0000001 * $X77 * (2 * $W77 * EXP(-(2*$Z77/($V77/1000)) * J77) / ($V77/1000)) * $Y77 -> 2.1161746 | AC77: =0.0000001 * $X77 * (2 * $W77 * EXP(-(2*$Z77/($V77/1000)) * K77) / ($V77/1000)) * $Y77 -> 2.0394189 | AD77: =0.0000001 * $X77 * (2 * $W77 * EXP(-(2*$Z77/($V77/1000)) * L77) / ($V77/1000)) * $Y77 -> 1.7592444 | AE77: =0.0000001 * $X77 * (2 * $W77 * EXP(-(2*$Z77/($V77/1000)) * M77) / ($V77/1000)) * $Y77 -> 1.4094698 | AF77: =IF(INT(SQRT(W77)/12)=0, MOD(INT(SQRT(W77)/4),3), INT(SQRT(W77)/12) & "D6" & IF(MOD(INT(SQRT(W77)/4),3)=0, "", "+" & MOD(INT(SQRT(W77)/4),3))) -> 2D6 | AG77: =IF((SQRT($W77)*(7/AA77))>=(SQRT($W77)),"-",IF(INT(SQRT($W77)*(7/AA77)/12)=0, MOD(INT(SQRT($W77)*(7/AA77)/4),3), INT(SQRT($W77)*(7/AA77)/12) & IF(MOD(INT(SQRT($W77)*(7/AA77)/4),3)=0, "", "+" & MOD(INT(SQRT($W77)*(7/AA77)/4),3)))) -> - | AH77: =IF((SQRT($W77)*(7/AB77))>=(SQRT($W77)),"-",IF(INT(SQRT($W77)*(7/AB77)/12)=0, MOD(INT(SQRT($W77)*(7/AB77)/4),3), INT(SQRT($W77)*(7/AB77)/12) & IF(MOD(INT(SQRT($W77)*(7/AB77)/4),3)=0, "", "+" & MOD(INT(SQRT($W77)*(7/AB77)/4),3)))) -> - | AI77: =IF((SQRT($W77)*(7/AC77))>=(SQRT($W77)),"-",IF(INT(SQRT($W77)*(7/AC77)/12)=0, MOD(INT(SQRT($W77)*(7/AC77)/4),3), INT(SQRT($W77)*(7/AC77)/12) & IF(MOD(INT(SQRT($W77)*(7/AC77)/4),3)=0, "", "+" & MOD(INT(SQRT($W77)*(7/AC77)/4),3)))) -> - | AJ77: =IF((SQRT($W77)*(7/AD77))>=(SQRT($W77)),"-",IF(INT(SQRT($W77)*(7/AD77)/12)=0, MOD(INT(SQRT($W77)*(7/AD77)/4),3), INT(SQRT($W77)*(7/AD77)/12) & IF(MOD(INT(SQRT($W77)*(7/AD77)/4),3)=0, "", "+" & MOD(INT(SQRT($W77)*(7/AD77)/4),3)))) -> - | AK77: 1975
A78: Armes à feu\Mitrailleuse | B78: Degtiarev - DShK | C78: powder_projectiles | D78: powder_projectiles | F78: 12,7R | G78: 12,7x108 | H78: 46.7 | I78: 42.5 | J78: 333 | K78: 666 | L78: 1998 | M78: 3996 | O78: 5 | P78: 50 | Q78: 10/100 | R78: 10 | S78: =VLOOKUP($F78,Munition!$B:$P,10,FALSE) -> 31 | T78: =VLOOKUP($F78,Munition!$B:$P,11,FALSE) -> 859 | U78: =T78 * POWER(I78/S78,0.25) -> 929.50124 | V78: =VLOOKUP($F78,Munition!$B:$P,5,FALSE) -> 52 | W78: =0.5 * (V78/1000) * (U78^2) -> 22463.286 | X78: =VLOOKUP($F78,Munition!$B:$P,15,FALSE) -> 410.49325 | Y78: =VLOOKUP($F78,Munition!$B:$P,9,FALSE) -> 1 | Z78: =VLOOKUP($F78,Munition!$B:$P,14,FALSE) -> 2.7156354e-05 | AA78: =0.0000001 * X78 * (2 * W78 / (V78/1000)) * Y78 -> 35.46549 | AB78: =0.0000001 * $X78 * (2 * $W78 * EXP(-(2*$Z78/($V78/1000)) * J78) / ($V78/1000)) * $Y78 -> 25.046896 | AC78: =0.0000001 * $X78 * (2 * $W78 * EXP(-(2*$Z78/($V78/1000)) * K78) / ($V78/1000)) * $Y78 -> 17.688941 | AD78: =0.0000001 * $X78 * (2 * $W78 * EXP(-(2*$Z78/($V78/1000)) * L78) / ($V78/1000)) * $Y78 -> 4.4004146 | AE78: =0.0000001 * $X78 * (2 * $W78 * EXP(-(2*$Z78/($V78/1000)) * M78) / ($V78/1000)) * $Y78 -> 0.54598565 | AF78: =IF(INT(SQRT(W78)/12)=0, MOD(INT(SQRT(W78)/4),3), INT(SQRT(W78)/12) & "D6" & IF(MOD(INT(SQRT(W78)/4),3)=0, "", "+" & MOD(INT(SQRT(W78)/4),3))) -> 12D6+1 | AG78: =IF((SQRT($W78)*(7/AA78))>=(SQRT($W78)),"-",IF(INT(SQRT($W78)*(7/AA78)/12)=0, MOD(INT(SQRT($W78)*(7/AA78)/4),3), INT(SQRT($W78)*(7/AA78)/12) & IF(MOD(INT(SQRT($W78)*(7/AA78)/4),3)=0, "", "+" & MOD(INT(SQRT($W78)*(7/AA78)/4),3)))) -> 2+1 | AH78: =IF((SQRT($W78)*(7/AB78))>=(SQRT($W78)),"-",IF(INT(SQRT($W78)*(7/AB78)/12)=0, MOD(INT(SQRT($W78)*(7/AB78)/4),3), INT(SQRT($W78)*(7/AB78)/12) & IF(MOD(INT(SQRT($W78)*(7/AB78)/4),3)=0, "", "+" & MOD(INT(SQRT($W78)*(7/AB78)/4),3)))) -> 3+1 | AI78: =IF((SQRT($W78)*(7/AC78))>=(SQRT($W78)),"-",IF(INT(SQRT($W78)*(7/AC78)/12)=0, MOD(INT(SQRT($W78)*(7/AC78)/4),3), INT(SQRT($W78)*(7/AC78)/12) & IF(MOD(INT(SQRT($W78)*(7/AC78)/4),3)=0, "", "+" & MOD(INT(SQRT($W78)*(7/AC78)/4),3)))) -> 4+2 | AJ78: =IF((SQRT($W78)*(7/AD78))>=(SQRT($W78)),"-",IF(INT(SQRT($W78)*(7/AD78)/12)=0, MOD(INT(SQRT($W78)*(7/AD78)/4),3), INT(SQRT($W78)*(7/AD78)/12) & IF(MOD(INT(SQRT($W78)*(7/AD78)/4),3)=0, "", "+" & MOD(INT(SQRT($W78)*(7/AD78)/4),3)))) -> - | AK78: 1938
A79: Armes à feu\Mitrailleuse | B79: Degtiarev - DShK sur trepied | C79: powder_projectiles | D79: powder_projectiles | F79: 12,7R | G79: 12,7x108 | H79: 46.7 | I79: 42.5 | J79: 333 | K79: 666 | L79: 1998 | M79: 3996 | O79: 5 | P79: 50 | Q79: 10/100 | R79: 10 | S79: =VLOOKUP($F79,Munition!$B:$P,10,FALSE) -> 31 | T79: =VLOOKUP($F79,Munition!$B:$P,11,FALSE) -> 859 | U79: =T79 * POWER(I79/S79,0.25) -> 929.50124 | V79: =VLOOKUP($F79,Munition!$B:$P,5,FALSE) -> 52 | W79: =0.5 * (V79/1000) * (U79^2) -> 22463.286 | X79: =VLOOKUP($F79,Munition!$B:$P,15,FALSE) -> 410.49325 | Y79: =VLOOKUP($F79,Munition!$B:$P,9,FALSE) -> 1 | Z79: =VLOOKUP($F79,Munition!$B:$P,14,FALSE) -> 2.7156354e-05 | AA79: =0.0000001 * X79 * (2 * W79 / (V79/1000)) * Y79 -> 35.46549 | AB79: =0.0000001 * $X79 * (2 * $W79 * EXP(-(2*$Z79/($V79/1000)) * J79) / ($V79/1000)) * $Y79 -> 25.046896 | AC79: =0.0000001 * $X79 * (2 * $W79 * EXP(-(2*$Z79/($V79/1000)) * K79) / ($V79/1000)) * $Y79 -> 17.688941 | AD79: =0.0000001 * $X79 * (2 * $W79 * EXP(-(2*$Z79/($V79/1000)) * L79) / ($V79/1000)) * $Y79 -> 4.4004146 | AE79: =0.0000001 * $X79 * (2 * $W79 * EXP(-(2*$Z79/($V79/1000)) * M79) / ($V79/1000)) * $Y79 -> 0.54598565 | AF79: =IF(INT(SQRT(W79)/12)=0, MOD(INT(SQRT(W79)/4),3), INT(SQRT(W79)/12) & "D6" & IF(MOD(INT(SQRT(W79)/4),3)=0, "", "+" & MOD(INT(SQRT(W79)/4),3))) -> 12D6+1 | AG79: =IF((SQRT($W79)*(7/AA79))>=(SQRT($W79)),"-",IF(INT(SQRT($W79)*(7/AA79)/12)=0, MOD(INT(SQRT($W79)*(7/AA79)/4),3), INT(SQRT($W79)*(7/AA79)/12) & IF(MOD(INT(SQRT($W79)*(7/AA79)/4),3)=0, "", "+" & MOD(INT(SQRT($W79)*(7/AA79)/4),3)))) -> 2+1 | AH79: =IF((SQRT($W79)*(7/AB79))>=(SQRT($W79)),"-",IF(INT(SQRT($W79)*(7/AB79)/12)=0, MOD(INT(SQRT($W79)*(7/AB79)/4),3), INT(SQRT($W79)*(7/AB79)/12) & IF(MOD(INT(SQRT($W79)*(7/AB79)/4),3)=0, "", "+" & MOD(INT(SQRT($W79)*(7/AB79)/4),3)))) -> 3+1 | AI79: =IF((SQRT($W79)*(7/AC79))>=(SQRT($W79)),"-",IF(INT(SQRT($W79)*(7/AC79)/12)=0, MOD(INT(SQRT($W79)*(7/AC79)/4),3), INT(SQRT($W79)*(7/AC79)/12) & IF(MOD(INT(SQRT($W79)*(7/AC79)/4),3)=0, "", "+" & MOD(INT(SQRT($W79)*(7/AC79)/4),3)))) -> 4+2 | AJ79: =IF((SQRT($W79)*(7/AD79))>=(SQRT($W79)),"-",IF(INT(SQRT($W79)*(7/AD79)/12)=0, MOD(INT(SQRT($W79)*(7/AD79)/4),3), INT(SQRT($W79)*(7/AD79)/12) & IF(MOD(INT(SQRT($W79)*(7/AD79)/4),3)=0, "", "+" & MOD(INT(SQRT($W79)*(7/AD79)/4),3)))) -> - | AK79: 1938
